Avg Pump Difference,Lateral Length,TVD,DELAYED,BOUND_CODE,PARENT_CODEV_1050_WELL_COUNT,PARENT_IN_ZONE_MIN_HYPOT,PARENT_OUT_ZONE_MIN_HYPOT,PARENT_IN_ZONE_MIN_MAP_DIST,PARENT_OUT_ZONE_MIN_MAP_DIST,PARENT_1050_AVG_WELL_AGE,PARENT_1050_MEDIAN_WELL_AGE,PARENT_1050_WELL_COUNT,PARENT_3000_AVG_HYPOT_DIST,PARENT_3000_AVG_MAP_DIST,PARENT_3000_AVG_TVD_DIST,PARENT_3000_AVG_WELL_AGE,PARENT_3000_MEDIAN_WELL_AGE,PARENT_3000_WELL_COUNT,CODEV_IN_ZONE_MIN_HYPOT,CODEV_OUT_ZONE_MIN_HYPOT,CODEV_IN_ZONE_MIN_MAP_DIST,CODEV_1050_WELL_COUNT,CODEV_3000_AVG_HYPOT_DIST,CODEV_3000_AVG_MAP_DIST,CODEV_3000_AVG_TVD_DIST,CODEV_3000_AVG_WELL_AGE,CODEV_3000_MEDIAN_WELL_AGE,CODEV_3000_WELL_COUNT,Pressure Gradient (psi/ft) new,Soak Time,Avg Open Pressure,SD Open Pressure,Avg Close Pressure,SD Close Pressure,Imputed
-0.93,10300,10415.0,1,11100000,2,892.0,980.0,888.0,50.0,1764.0,1764.0,2,2071.0,1242.0,1483.0,1840.0,1764.0,12,1455.0,340.0,1455.0,0,1490,1490,4,0.0,0.0,1,0.593758088,34,3304.124833,261.7,2719.898438,472.4,1.0
-8.45,10300,10415.0,1,11100000,2,892.0,980.0,888.0,50.0,1764.0,1764.0,2,2071.0,1242.0,1483.0,1840.0,1764.0,12,1455.0,340.0,1455.0,0,1490,1490,4,0.0,0.0,1,0.597058903,67,3301.199254,255.9,2934.885325,747.4,1.0
8.7,11000,8470.0,0,101111,6,2717.5,1865.0,2716.5,1838.0,2480.0,2480.0,0,2492.0,2394.0,660.0,2397.0,2397.5,6,1783.0,265.0,1783.0,6,1165,812,682,4.5,0.0,11,0.516873265,34,2774.40708,184.8,1589.948673,596.9,1.0
42.959999999999994,11000,10555.0,1,11110000,1,650.5,1208.0,537.0,100.0,4296.0,4296.0,0,2378.0,1649.0,1571.0,2416.0,2821.0,20,1000.0,1942.0,1000.0,1,1000,1000,4,0.0,0.0,1,0.501287232,30,2653.539415,206.7,1304.162878,551.5,1.0
19.93,2300,9295.0,1,10001101,4,1832.0,540.0,1823.0,356.0,4726.0,4725.5,2,1829.0,1786.0,221.0,4076.0,3999.0,9,542.0,627.0,541.0,2,586,437,277,1.0,1.0,2,0.503327426,336,3093.8312619999997,226.0,2470.0215855,376.35,1.0
-4.34,12300,10355.0,1,11110000,0,2763.0,1232.0,2763.0,1.0,5111.0,5111.0,0,2464.0,1850.0,1426.0,3454.0,4066.0,13,1760.0,1880.0,1760.0,0,2077,1112,1410,21.5,28.5,4,0.565199923,21,2963.567911,232.0,2063.408619,517.8,1.0
0.54,12600,8120.0,1,10101111,4,1286.0,632.0,1276.0,4.0,3408.0,3407.5,2,1570.0,1273.0,792.0,3561.0,3715.0,12,600.0,263.0,600.0,2,694,600,177,-0.7,-1.0,3,0.561294383,34,2814.617107,296.9,2330.939138,471.2,1.0
66.52,11000,10560.0,1,11111000,2,1016.0,1075.0,792.0,149.0,3656.0,3656.0,1,2124.0,1499.0,1285.0,2557.0,3415.0,32,859.0,1551.5,858.0,1,1359,1359,29,-0.5,-0.5,2,0.493533848,135,2697.57656,222.9,1975.744979,707.7,1.0
3.39,12900,10345.0,1,11111000,1,1010.0,1241.0,1010.0,20.0,294.0,294.0,1,2341.0,1700.0,1362.0,2900.0,3716.0,17,1584.0,2528.0,1584.0,0,1606,1606,36,0.0,0.0,1,0.56011052,227,2892.427934,248.5,2235.44895,698.1,1.0
13.78,10000,8335.0,0,10001001,2,2746.0,2418.0,2746.0,2412.0,1025.0,1025.0,0,2678.0,2607.0,432.0,732.0,700.5,4,562.0,1384.0,562.0,2,1556,1556,21,7.1,16.0,7,0.540762005,21,2763.612613,159.2,1671.514259,287.2,1.0
56.25,10000,8335.0,0,10001001,2,2746.0,2418.0,2746.0,2412.0,1025.0,1025.0,0,2678.0,2607.0,432.0,732.0,700.5,4,562.0,1384.0,562.0,2,1556,1556,21,7.1,16.0,7,0.523597524,26,2525.493936,165.6,1097.263009,323.3,1.0
65.88,10000,8335.0,0,10001001,2,2746.0,2418.0,2746.0,2412.0,1025.0,1025.0,0,2678.0,2607.0,432.0,732.0,700.5,4,562.0,1384.0,562.0,2,1556,1556,21,7.1,16.0,7,0.519705507,106,2434.963424,319.7,1341.334898,392.3,1.0
75.57,10100,9090.0,0,11110101,5,2727.0,2314.0,2727.0,2305.0,171.0,171.0,0,2542.0,2489.0,399.0,387.0,386.5,4,914.0,447.0,914.0,5,1062,781,575,-2.1,-0.5,10,0.519913983,47,2446.081885,117.9,2222.396037,650.1,1.0
43.66,10100,9090.0,0,11110101,5,2727.0,2314.0,2727.0,2305.0,171.0,171.0,0,2542.0,2489.0,399.0,387.0,386.5,4,914.0,447.0,914.0,5,1062,781,575,-2.1,-0.5,10,0.532913717,120,2701.389381,267.6,1665.823009,561.6,1.0
66.63,10100,9090.0,0,11110101,5,2727.0,2314.0,2727.0,2305.0,171.0,171.0,0,2542.0,2489.0,399.0,387.0,386.5,4,914.0,447.0,914.0,5,1062,781,575,-2.1,-0.5,10,0.523556027,92,2520.10571,145.4,2054.614706,700.4,1.0
80.58,10100,8335.0,0,10001001,2,2746.0,2418.0,2746.0,2412.0,1025.0,1025.0,0,2678.0,2607.0,432.0,732.0,700.5,4,562.0,1384.0,562.0,2,1556,1556,21,7.1,16.0,7,0.477080938,30,2150.105179,218.2,995.6670335,566.6,1.0
92.39,10100,8335.0,0,10001001,2,2746.0,2418.0,2746.0,2412.0,1025.0,1025.0,0,2678.0,2607.0,432.0,732.0,700.5,4,562.0,1384.0,562.0,2,1556,1556,21,7.1,16.0,7,0.472648666,25,2046.380523,232.0,1160.647734,715.4,1.0
42.91,10100,8335.0,0,10001001,2,2746.0,2418.0,2746.0,2412.0,1025.0,1025.0,0,2678.0,2607.0,432.0,732.0,700.5,4,562.0,1384.0,562.0,2,1556,1556,21,7.1,16.0,7,0.526571643,34,2405.210273,946.2,890.668334,311.3,1.0
5.23,9400,8335.0,0,10001001,2,2746.0,2418.0,2746.0,2412.0,1025.0,1025.0,0,2678.0,2607.0,432.0,732.0,700.5,4,562.0,1384.0,562.0,2,1556,1556,21,7.1,16.0,7,0.54173063,35,2565.229027,242.7,1148.561993,253.0,1.0
39.6,10100,8335.0,0,10001001,2,2746.0,2418.0,2746.0,2412.0,1025.0,1025.0,0,2678.0,2607.0,432.0,732.0,700.5,4,562.0,1384.0,562.0,2,1556,1556,21,7.1,16.0,7,0.527903284,97,2318.39506,166.0,1121.475183,369.5,1.0
-1.48,12700,8005.0,1,11011000,4,899.0,413.0,894.0,130.0,4083.0,3106.0,3,1482.0,1422.0,208.0,4782.0,5935.0,7,797.0,1350.0,797.0,1,1734,1715,180,30.8,50.0,5,0.548908027,27,2634.323963,161.4,1919.710804,225.3,0.0
1.96,12800,10557.5,1,11111000,1,1268.0,1405.0,1268.0,25.0,1377.0,1377.0,0,2586.0,1504.0,1889.0,3300.0,3835.5,16,910.0,2528.0,910.0,1,914,914,12,0.0,0.0,1,0.548135939,24,2646.22424,144.6,2127.969411,226.2,1.0
24.21,12800,8035.0,1,10011000,4,712.0,420.0,710.0,109.0,4107.0,3105.0,3,1553.0,1499.0,246.0,4962.0,5707.0,9,704.0,2882.0,704.0,1,1719,1708,156,16.3,0.0,3,0.538487713,97,2843.6834975,298.4,2075.985764,185.1,1.0
-0.16,10300,10250.0,1,111000,0,2780.0,1375.0,2779.0,160.0,2480.0,2480.0,0,2382.0,1467.0,1737.0,5907.0,6499.0,10,1440.0,411.0,1440.0,0,1440,1440,3,0.0,0.0,1,0.559608477,151,2889.833674,265.1,1210.401539,887.1,1.0
6.03,12800,9295.0,1,10001101,4,1832.0,540.0,1823.0,356.0,4726.0,4725.5,2,1829.0,1786.0,221.0,4076.0,3999.0,9,542.0,627.0,541.0,2,586,437,277,1.0,1.0,2,0.5486065124999999,203,3579.913367,193.1,2522.649904,523.9,1.0
-5.8,10600,10265.0,1,11100000,0,1054.0,1292.0,1051.5,139.0,1764.0,1764.0,0,1834.0,838.0,1554.0,3475.0,3475.0,8,1440.0,439.0,1440.0,0,1440,1440,6,0.0,0.0,1,0.561943033,44,3136.370858,199.4,2252.870766,799.0,1.0
6.66,10300,10250.0,1,111000,0,2780.0,1375.0,2779.0,160.0,2480.0,2480.0,0,2382.0,1467.0,1737.0,5907.0,6499.0,10,1440.0,411.0,1440.0,0,1440,1440,3,0.0,0.0,1,0.556785485,209,3087.582724,313.1,1618.171604,577.4,1.0
117.26,10900,8160.0,1,10001000,2,616.0,2458.0,610.0,2424.0,1025.0,1025.0,1,1870.0,1864.0,113.0,790.0,1025.0,7,569.0,657.0,569.0,1,1601,1601,44,5.0,5.0,4,0.453435,32,2203.2,155.9,1934.1,678.5,1.0
43.38,10500,8160.0,1,10001000,2,616.0,2458.0,610.0,2424.0,1025.0,1025.0,1,1870.0,1864.0,113.0,790.0,1025.0,7,569.0,657.0,569.0,1,1601,1601,44,5.0,5.0,4,0.480570763,115,2508.920546,155.3,2411.60484,736.0,1.0
80.32000000000001,10900,8160.0,1,10001000,2,616.0,2458.0,610.0,2424.0,1025.0,1025.0,1,1870.0,1864.0,113.0,790.0,1025.0,7,569.0,657.0,569.0,1,1601,1601,44,5.0,5.0,4,0.489194852,105,2641.403093,182.2,2330.649788,712.4,1.0
-1.7,10000,8335.0,0,10001001,2,2746.0,2418.0,2746.0,2412.0,1025.0,1025.0,0,2678.0,2607.0,432.0,732.0,700.5,4,562.0,1384.0,562.0,2,1556,1556,21,7.1,16.0,7,0.563370555,31,3194.020031,175.6,2330.800646,386.8,1.0
-2.26,9800,8335.0,0,10001001,2,2746.0,2418.0,2746.0,2412.0,1025.0,1025.0,0,2678.0,2607.0,432.0,732.0,700.5,4,562.0,1384.0,562.0,2,1556,1556,21,7.1,16.0,7,0.563603648,37,3329.887249,209.8,2980.856098,595.5,1.0
-2.68,9700,8335.0,0,10001001,2,2746.0,2418.0,2746.0,2412.0,1025.0,1025.0,0,2678.0,2607.0,432.0,732.0,700.5,4,562.0,1384.0,562.0,2,1556,1556,21,7.1,16.0,7,0.563778467,96,3327.534621,164.0,3149.661193,555.0,1.0
-1.31,9600,8160.0,1,10001000,2,616.0,2458.0,610.0,2424.0,1025.0,1025.0,1,1870.0,1864.0,113.0,790.0,1025.0,7,569.0,657.0,569.0,1,1601,1601,44,5.0,5.0,4,0.496985182,39,2829.617284,234.5,2608.790227,535.0,1.0
22.29,11900,8160.0,1,10001000,2,616.0,2458.0,610.0,2424.0,1025.0,1025.0,1,1870.0,1864.0,113.0,790.0,1025.0,7,569.0,657.0,569.0,1,1601,1601,44,5.0,5.0,4,0.560853528,47,2895.781701,154.3,2045.250442,364.2,1.0
2.02,10100,8160.0,1,10001000,2,616.0,2458.0,610.0,2424.0,1025.0,1025.0,1,1870.0,1864.0,113.0,790.0,1025.0,7,569.0,657.0,569.0,1,1601,1601,44,5.0,5.0,4,0.495762089,102,2862.54691,211.7,2273.230704,694.7,1.0
-1.6,9800,8160.0,1,10001000,2,616.0,2458.0,610.0,2424.0,1025.0,1025.0,1,1870.0,1864.0,113.0,790.0,1025.0,7,569.0,657.0,569.0,1,1601,1601,44,5.0,5.0,4,0.497091697,101,2900.09162,158.9,2282.820439,710.3,1.0
35.92,12100,8160.0,1,10001000,2,616.0,2458.0,610.0,2424.0,1025.0,1025.0,1,1870.0,1864.0,113.0,790.0,1025.0,7,569.0,657.0,569.0,1,1601,1601,44,5.0,5.0,4,0.55510365,124,2679.837799,177.3,1772.547649,308.3,1.0
5.66,7600,9475.0,0,111000,3,2717.5,1301.0,2716.5,216.0,2480.0,2480.0,0,1870.0,883.0,1559.0,3475.0,3475.0,0,787.0,411.0,787.0,3,1263,858,689,-1.4,-1.5,10,0.575120123,59,3182.050596,138.9,2574.363601,548.0,1.0
22.17,12600,10675.0,1,11111000,1,1352.0,1235.0,1352.0,52.0,1377.0,1377.0,0,2468.0,1666.0,1653.0,2969.0,4331.0,27,1000.0,2528.0,1000.0,1,2181,1412,1228,-30.3,-30.5,4,0.493067694,48,3005.113167,133.9,2282.086287,517.5,1.0
1.4300000000000002,7600,9475.0,0,111000,3,2717.5,1301.0,2716.5,216.0,2480.0,2480.0,0,1870.0,883.0,1559.0,3475.0,3475.0,0,787.0,411.0,787.0,3,1263,858,689,-1.4,-1.5,10,0.577162336,124,3188.784956,153.3,2573.689381,522.2,1.0
21.61,12600,10675.0,1,11111000,1,1352.0,1235.0,1352.0,52.0,1377.0,1377.0,0,2468.0,1666.0,1653.0,2969.0,4331.0,27,1000.0,2528.0,1000.0,1,2181,1412,1228,-30.3,-30.5,4,0.493275362,120,2971.983301,112.4,2142.592613,376.5,1.0
29.69,12600,10675.0,1,11111000,2,2000.0,1091.0,2000.0,46.0,1457.0,1457.0,0,2514.0,1759.0,1629.0,2882.0,2248.0,26,1000.0,2489.0,1000.0,2,2587,1856,1531,7.1,33.0,9,0.490279015,185,2845.631012,105.7,2129.566772,363.4,1.0
16.52,9800,10585.0,1,11111000,1,2563.0,1290.0,2563.0,7.0,4448.0,4448.0,0,2695.0,1672.0,1936.0,4972.0,4490.0,31,932.0,475.0,932.0,1,1763,1763,9,26.7,40.0,3,0.535544531,148,3141.92177,277.2,1392.658407,214.7,1.0
-2.68,7500,8485.0,1,11111111,4,1374.0,623.0,1373.0,43.0,4002.0,4001.5,2,1870.0,1745.0,516.0,2019.0,1963.0,27,1298.0,321.0,1298.0,2,1073,890,396,1.2,1.0,5,0.566905359,37,3206.060085,141.6,3174.606856,387.9,0.0
26.71,9800,10580.0,1,11111000,1,2501.0,1209.0,2501.0,0.0,3655.0,3655.0,0,2566.0,1521.0,1883.0,5240.0,6326.0,28,932.0,475.0,932.0,1,1763,1763,8,-26.7,-40.0,3,0.531457553,216,3011.029665,188.6,1471.735591,235.3,1.0
34.34,9800,10580.0,1,11111000,1,2501.0,1209.0,2501.0,0.0,3655.0,3655.0,0,2566.0,1521.0,1883.0,5240.0,6326.0,28,932.0,475.0,932.0,1,1763,1763,8,-26.7,-40.0,3,0.528397333,283,3065.385433,287.3,1447.914205,221.2,1.0
-0.74,9800,8985.0,1,11111101,4,736.0,843.0,734.0,214.0,2496.0,2495.5,2,1938.0,1622.0,767.0,2031.0,2437.0,18,633.5,624.0,633.5,2,1074,790,626,0.7,1.0,3,0.599503194,108,2699.694344,1336.6,1388.785071,738.6,1.0
8.38,9900,8485.0,1,11111100,4,701.0,625.0,700.0,498.0,2484.0,2484.0,3,1677.0,1595.0,376.0,3242.0,2484.0,11,519.5,555.0,519.5,1,566,108,555,0.0,0.0,1,0.537465379,148,2720.173821,205.0,1779.642763,397.4,1.0
30.48,9900,8485.0,1,11111100,4,701.0,625.0,700.0,498.0,2484.0,2484.0,3,1677.0,1595.0,376.0,3242.0,2484.0,11,519.5,555.0,519.5,1,566,108,555,0.0,0.0,1,0.528623678,163,2698.622709,121.6,1642.325348,422.7,1.0
13.185,7500,8480.0,1,11110111,6,2618.0,508.0,2618.0,6.0,4002.0,4001.5,4,2141.0,1997.0,523.0,2559.0,1966.0,15,1297.0,305.0,1297.0,2,995,798,393,1.2,1.0,5,0.562309728,220,3082.436237,188.3,2862.491012,402.2,1.0
27.8,10000,8485.0,1,11111100,4,701.0,625.0,700.0,498.0,2484.0,2484.0,3,1677.0,1595.0,376.0,3242.0,2484.0,11,519.5,555.0,519.5,1,566,108,555,0.0,0.0,1,0.529695884,228,2602.510781,115.7,1705.952043,483.3,1.0
-3.75,10300,8485.0,1,11111100,4,701.0,625.0,700.0,498.0,2484.0,2484.0,3,1677.0,1595.0,376.0,3242.0,2484.0,11,519.5,555.0,519.5,1,566,108,555,0.0,0.0,1,0.528340498,358,3051.250581,338.4,2137.722016,435.6,1.0
-1.36,12700,8275.0,0,1110,2,2780.0,2486.0,2779.0,2471.0,2480.0,2480.0,0,2629.0,2606.0,276.0,1997.0,2000.0,0,846.0,581.0,846.0,2,1317,1180,291,3.5,3.5,6,0.578119357,157,3144.844132,171.1,2918.588565,1057.2,1.0
-2.27,12600,10315.0,1,11111000,0,2622.0,1211.0,2622.0,1.0,3698.0,3698.0,0,2601.0,1491.0,1933.0,3937.0,2974.0,36,1757.0,2184.5,1757.0,0,1761,1761,4,0.0,0.0,1,0.578508146,164,3139.15703,176.3,2437.832928,741.7,1.0
7.49,12700,10315.0,1,11111000,0,2622.0,1211.0,2622.0,1.0,1377.0,1377.0,0,2601.0,1491.0,1933.0,3937.0,2974.0,36,1757.0,2184.5,1757.0,0,1761,1761,4,0.0,0.0,1,0.574338272,260,3075.345848,147.2,2844.454398,791.7,1.0
11.63,10200,8985.0,1,11111101,4,736.0,843.0,734.0,214.0,2496.0,2495.5,2,1938.0,1622.0,767.0,2031.0,2437.0,18,751.5,624.0,751.5,2,1074,790,626,0.7,1.0,3,0.543487253,211,3246.15202,144.1,3007.073721,426.5,1.0
-2.38,10300,9295.0,1,10001101,4,1832.0,540.0,1823.0,356.0,4726.0,4725.5,2,1829.0,1786.0,221.0,4076.0,3999.0,9,542.0,627.0,541.0,2,586,437,277,1.0,1.0,2,0.538644008,367,3406.343871,157.1,2644.198823,336.7,0.0
33.8,10300,8985.0,1,11111101,4,736.0,843.0,734.0,214.0,2496.0,2495.5,2,1938.0,1622.0,767.0,2031.0,2437.0,18,633.5,624.0,633.5,2,1074,790,626,0.7,1.0,3,0.535104953,528,3009.242955,124.5,2425.083694,361.8,1.0
-1.2,10300,8485.0,1,11111100,4,701.0,625.0,700.0,498.0,2484.0,2484.0,3,1677.0,1595.0,376.0,3242.0,2484.0,11,519.5,555.0,519.5,1,566,108,555,0.0,0.0,1,0.5329029385,123,3441.765756,234.3,2362.696429,980.0,1.0
1.58,10100,8650.0,1,11011111,6,2143.0,496.0,2142.5,9.0,4190.0,4190.0,6,1679.0,1488.0,617.0,4118.0,4166.0,19,1200.0,371.0,1200.0,0,1217,1217,4,0.0,0.0,1,0.560550671,15,3545.666018,170.7,2878.360677,279.1,1.0
0.1,9900,8650.0,1,11011111,6,2143.0,496.0,2142.5,9.0,4190.0,4190.0,6,1679.0,1488.0,617.0,4118.0,4166.0,19,1200.0,371.0,1200.0,0,1217,1217,4,0.0,0.0,1,0.561165108,29,3545.595491,238.5,2777.491166,336.1,1.0
2.87,8200,8335.0,0,10001001,2,2746.0,2418.0,2746.0,2412.0,1025.0,1025.0,0,2678.0,2607.0,432.0,732.0,700.5,4,562.0,1384.0,562.0,2,1556,1556,21,7.1,16.0,7,0.557316247,53,3411.085879,264.4,2875.21182,820.7,1.0
6.98,7400,8335.0,0,10001001,2,2746.0,2418.0,2746.0,2412.0,1025.0,1025.0,0,2678.0,2607.0,432.0,732.0,700.5,4,562.0,1384.0,562.0,2,1556,1556,21,7.1,16.0,7,0.536369705,28,3278.712697,183.6,3035.88471,389.3,1.0
0.4,7400,8335.0,0,10001001,2,2746.0,2418.0,2746.0,2412.0,1025.0,1025.0,0,2678.0,2607.0,432.0,732.0,700.5,4,562.0,1384.0,562.0,2,1556,1556,21,7.1,16.0,7,0.53899411,36,3167.211166,211.0,2956.639677,562.8,1.0
60.35,7400,8335.0,0,10001001,2,2746.0,2418.0,2746.0,2412.0,1025.0,1025.0,0,2678.0,2607.0,432.0,732.0,700.5,4,562.0,1384.0,562.0,2,1556,1556,21,7.1,16.0,7,0.515083309,99,2842.276922,191.0,2334.65693,453.8,1.0
26.48,8200,9495.0,1,11101001,6,892.0,669.0,888.0,632.0,1997.0,1996.5,2,1947.0,1923.0,219.0,1706.0,1996.5,8,864.0,340.0,864.0,4,1389,1137,602,0.9,1.5,14,0.547561566,132,3391.551227,207.3,2901.845333,756.3,0.0
25.11,8200,8755.0,0,11101001,4,1893.0,1515.0,1892.0,1501.0,3132.0,3131.75,0,2340.0,2335.0,134.0,3816.0,4040.0,6,858.0,461.0,858.0,4,682,419,388,1.5,1.5,4,0.548127593,211,3385.92728,285.2,2977.532359,966.7,1.0
22.57,10000,8985.0,1,11111101,4,736.0,843.0,734.0,214.0,2496.0,2495.5,2,1938.0,1622.0,767.0,2031.0,2437.0,18,633.5,624.0,633.5,2,1074,790,626,0.7,1.0,3,0.55091589,393,2793.152774,208.9,2435.512097,966.9,1.0
24.645,9800,10545.0,1,11111000,0,1059.0,1272.0,1059.0,0.0,637.0,637.0,0,2628.0,1774.0,1733.0,5196.0,6229.5,24,1672.0,475.0,1672.0,0,1672,1672,17,0.0,0.0,1,0.500517285,62,2803.374275,551.1,1554.261093,218.6,1.0
57.13,10000,10550.0,1,11110000,0,2781.0,1253.0,2781.0,0.0,5111.0,5111.0,0,2518.0,1570.0,1754.0,5091.0,5363.0,18,1763.0,1187.5,1763.0,0,1792,1791,23,0.0,0.0,1,0.499729856,136,2903.189111,148.9,1572.188565,274.0,1.0
24.68,9800,10545.0,1,11111000,0,1059.0,1272.0,1059.0,0.0,637.0,637.0,0,2628.0,1774.0,1733.0,5196.0,6229.5,24,1672.0,475.0,1672.0,0,1672,1672,17,0.0,0.0,1,0.512255381,132,3079.502378,458.1,1542.878646,201.4,1.0
-0.46,9900,8985.0,1,11111101,4,736.0,843.0,734.0,214.0,2496.0,2495.5,2,1938.0,1622.0,767.0,2031.0,2437.0,18,633.5,624.0,633.5,2,1074,790,626,0.7,1.0,3,0.562230068,387,3203.4199575000002,193.2,1958.012228,393.3,1.0
49.95,10400,9070.0,1,10101111,3,1286.0,511.0,1276.0,2.0,4955.0,4955.0,1,2105.0,2022.0,451.0,3089.0,2813.0,27,670.0,659.0,660.0,2,665,330,388,-0.5,-0.5,2,0.492984227,98,2956.58701,196.5,2377.513451,637.3,0.0
13.184999999999999,9900,8985.0,1,11111101,4,736.0,843.0,734.0,214.0,2496.0,2495.5,2,1938.0,1622.0,767.0,2031.0,2437.0,18,633.5,624.0,633.5,2,1074,790,626,0.7,1.0,3,0.562928571,435,3397.59696,261.9,2263.980877,370.3,1.0
18.09,9900,8985.0,1,11111101,4,736.0,843.0,734.0,214.0,2496.0,2495.5,2,1938.0,1622.0,767.0,2031.0,2437.0,18,633.5,624.0,633.5,2,1074,790,626,0.7,1.0,3,0.554517436,155,3503.145764,287.0,2588.412089,679.6,1.0
26.83,10000,8985.0,1,11111101,4,736.0,843.0,734.0,214.0,2496.0,2495.5,2,1938.0,1622.0,767.0,2031.0,2437.0,18,633.5,624.0,633.5,2,1074,790,626,0.7,1.0,3,0.553024696,113,3340.95279,198.0,2544.943509,409.5,1.0
72.63,10600,9070.0,1,10101111,3,1286.0,511.0,1276.0,2.0,4955.0,4955.0,1,2105.0,2022.0,451.0,3089.0,2813.0,27,670.0,659.0,660.0,2,665,330,388,-0.5,-0.5,2,0.490793908,99,2810.163763,209.0,1716.51506,372.9,0.0
5.73,9700,10075.0,1,11110000,1,2356.0,1139.0,2356.0,22.0,4623.0,4623.0,0,2510.0,1419.0,1888.0,5509.0,4808.0,26,1021.0,375.0,1021.0,1,1050,1050,5,0.0,0.0,1,0.57073975,35,2688.771443,185.2,2235.463224,441.3,1.0
5.14,9700,8765.0,0,11001000,4,757.0,2701.0,756.0,2634.0,4697.0,4697.0,1,2332.0,2317.0,165.0,2953.0,2884.0,4,893.0,635.0,893.0,3,1294,1153,368,1.2,1.0,5,0.570989915,107,2677.106456,158.3,2569.850589,480.7,0.0
1.47,10200,8175.0,1,10101111,7,1157.0,573.0,1155.0,75.0,5423.0,5689.0,6,2009.0,1621.0,937.0,4763.0,4605.5,26,1344.0,263.0,1343.0,1,958,876,175,0.7,1.0,3,0.518512647,50,2983.398776,182.9,2805.494621,556.9,0.0
86.53,10200,8175.0,1,10101111,7,1157.0,573.0,1155.0,75.0,5423.0,5689.0,6,2009.0,1621.0,937.0,4763.0,4605.5,26,1344.0,263.0,1343.0,1,958,876,175,0.7,1.0,3,0.485850131,48,2585.168365,198.1,2318.978438,617.4,0.0
38.63,10200,8175.0,1,10101111,7,1157.0,573.0,1155.0,75.0,5423.0,5689.0,6,2009.0,1621.0,937.0,4763.0,4605.5,26,1344.0,263.0,1343.0,1,958,876,175,0.7,1.0,3,0.504243436,124,2784.2835704999998,190.5,2696.502663,927.1,1.0
9.41,7400,10175.0,1,11111000,1,1933.0,1041.0,1698.0,17.0,1289.0,1289.0,1,2273.0,1469.0,1544.0,1375.0,1495.5,20,1249.0,2571.0,1249.0,0,2641,2327,970,6.7,3.0,9,0.486643219,28,3030.600808,122.8,2894.154482,380.2,1.0
4.52,7500,10175.0,1,11111000,1,1933.0,1041.0,1698.0,17.0,1289.0,1289.0,1,2273.0,1469.0,1544.0,1375.0,1495.5,20,1249.0,2571.0,1249.0,0,2641,2327,970,6.7,3.0,9,0.488415961,88,2960.748549,150.7,2804.015668,481.0,1.0
15.09,7500,8775.0,1,11101000,6,1607.0,219.0,1606.0,10.0,1368.0,1367.5,4,1791.0,1682.0,378.0,2282.0,1390.5,14,696.0,340.0,695.0,2,721,721,7,-0.5,-0.5,2,0.484584082,100,3064.953528,205.3,3064.953528,340.1,1.0
25.29,15300,8985.0,1,11111101,4,736.0,843.0,734.0,214.0,2496.0,2495.5,2,1938.0,1622.0,767.0,2031.0,2437.0,18,736.0,624.0,736.0,2,1074,790,626,0.7,1.0,3,0.503955815,123,3295.453913,241.3,2522.626225,396.5,1.0
29.13,15300,8985.0,1,11111101,4,736.0,843.0,734.0,214.0,2496.0,2495.5,2,1938.0,1622.0,767.0,2031.0,2437.0,18,736.0,624.0,736.0,2,1074,790,626,0.7,1.0,3,0.501580903,134,3480.775229,225.4,2574.593043,195.1,1.0
29.48,12400,8330.0,1,10001111,5,1518.5,673.0,1513.5,143.0,3699.0,3704.0,3,1925.0,1456.0,1085.0,3334.0,3688.0,18,932.0,646.0,932.0,2,1340,1324,134,1.5,1.5,4,0.498599038,233,2768.887457,215.6,2371.409781,351.0,1.0
13.205,10100,8335.0,0,10001001,2,2746.0,2418.0,2746.0,2412.0,1025.0,1025.0,0,2678.0,2607.0,432.0,732.0,700.5,4,562.0,1384.0,562.0,2,1556,1556,21,7.1,16.0,7,0.514748458,47,2756.766649,188.4,2073.483878,380.3,1.0
12.63,10100,8335.0,0,10001001,2,2746.0,2418.0,2746.0,2412.0,1025.0,1025.0,0,2678.0,2607.0,432.0,732.0,700.5,4,562.0,1384.0,562.0,2,1556,1556,21,7.1,16.0,7,0.511444884,50,2594.2212,310.2,1890.757538,455.1,1.0
102.51,12400,10255.0,1,11111000,2,772.0,1000.0,772.0,0.0,4252.0,4251.5,2,2366.0,1481.0,1624.0,3652.0,1914.0,27,1748.0,2508.5,1748.0,0,1748,1748,24,0.0,0.0,1,0.517879525,87,2269.844556,128.3,1693.156406,556.0,1.0
92.25,12400,10255.0,1,11111000,2,772.0,1000.0,772.0,0.0,4252.0,4251.5,2,2366.0,1481.0,1624.0,3652.0,1914.0,27,1748.0,2508.5,1748.0,0,1748,1748,24,0.0,0.0,1,0.52494356,89,2377.199546,120.3,1710.870419,523.8,1.0
6.34,10100,8240.0,0,10001001,1,2746.0,2925.0,2746.0,2646.0,1025.0,1025.0,0,2971.0,2697.0,1245.0,1014.0,1014.0,1,717.0,657.0,715.0,1,1656,1655,47,-4.8,-5.0,6,0.513847136,107,2730.315121,196.7,1933.705533,426.0,1.0
6.17,10100,8240.0,0,10001001,1,2746.0,2925.0,2746.0,2646.0,1025.0,1025.0,0,2971.0,2697.0,1245.0,1014.0,1014.0,1,717.0,657.0,715.0,1,1656,1655,47,-4.8,-5.0,6,0.513912062,120,2575.69115,239.3,2075.546549,527.9,1.0
7.24,7300,8180.0,0,10001000,2,1213.0,2691.5,1208.0,2535.0,1025.0,1025.0,0,2194.0,2192.0,65.0,856.0,1020.0,5,578.0,1384.0,578.0,2,1129,1129,26,-1.3,-2.5,4,0.505226105,35,2781.318653,294.9,2295.844348,416.0,1.0
-4.14,7300,8240.0,0,10001001,1,2746.0,2925.0,2746.0,2646.0,1025.0,1025.0,0,2971.0,2697.0,1245.0,1014.0,1014.0,1,717.0,1384.0,715.0,1,1656,1655,47,-4.8,-5.0,6,0.509502253,34,2906.213082,305.5,2247.58738,363.4,1.0
26.68,7300,8160.0,1,10001000,2,616.0,2458.0,610.0,2424.0,1025.0,1025.0,1,1870.0,1864.0,113.0,790.0,1025.0,7,569.0,1384.0,569.0,1,1601,1601,44,5.0,5.0,4,0.497921332,91,2738.838669,217.1,1984.22885,327.7,1.0
0.67,10200,9000.0,0,11111000,4,2794.0,2693.0,2793.0,1172.0,1333.5,1333.25,0,2867.0,2530.0,857.0,2196.0,1065.0,0,879.0,575.0,879.0,4,1495,1379,316,0.2,0.0,9,0.554482208,30,3148.721362,291.6,2662.974152,638.3,1.0
-2.8,9400,10270.0,1,111000,0,2717.5,1301.0,2716.5,216.0,2480.0,2480.0,0,1870.0,883.0,1559.0,3475.0,3475.0,8,1440.0,411.0,1440.0,0,1440,1440,6,0.0,0.0,1,0.555906257,54,3202.266903,292.2,2314.917876,609.1,1.0
55.13,10200,10270.0,1,111000,0,2717.5,1301.0,2716.5,216.0,2480.0,2480.0,0,1870.0,883.0,1559.0,3475.0,3475.0,8,1440.0,411.0,1440.0,0,1440,1440,6,0.0,0.0,1,0.532132444,135,2924.140031,309.5,2087.818061,752.4,1.0
1.51,10100,8530.0,0,111100,4,2717.5,1301.0,2716.5,216.0,2480.0,2480.0,0,1870.0,883.0,1559.0,3475.0,3475.0,0,959.0,492.0,959.0,4,1561,1457,331,-5.0,-0.5,10,0.562450063,112,3132.012505,197.9,2839.83509,656.0,1.0
33.77,10800,8350.0,1,11011111,8,1707.0,630.0,1707.0,23.0,4690.0,4691.0,3,1985.0,1621.0,870.0,3368.0,4686.0,24,792.0,657.0,792.0,5,1304,1191,300,-18.6,-27.5,10,0.485013292,33,2582.552389,153.4,2372.739292,684.7,0.0
18.72,10300,8500.0,0,11011010,5,2143.0,612.0,2142.5,58.0,5046.0,5243.0,0,1743.5,1463.0,763.5,4614.5,4837.25,0,627.0,370.0,627.0,5,1221,1127,326,-7.5,-2.5,10,0.553742583,32,3214.919515,215.6,3058.222424,611.8,1.0
-0.55,9800,8325.0,1,10011111,7,998.5,577.0,990.0,127.0,3653.0,3654.0,3,1937.0,1557.0,886.0,4080.0,3654.0,19,708.0,278.0,708.0,4,697,648,130,0.3,0.5,4,0.502013393,35,2976.8894339999997,199.6,2509.734182,626.1,1.0
14.37,10600,10440.0,1,1111000,1,1671.0,1161.0,1582.0,90.0,2480.0,2480.0,0,2217.0,1623.0,1355.0,3030.0,2638.0,15,1000.0,1957.0,1000.0,1,1000,1000,18,0.0,0.0,1,0.492152253,99,2718.909404,164.0,2123.056545,644.9,1.0
45.67,10300,8515.0,0,11011101,7,1616.5,496.0,1597.0,9.0,4190.0,4190.0,0,1679.0,1488.0,617.0,4118.0,4166.0,0,959.0,372.0,959.0,7,1050,930,327,-3.9,1.0,10,0.542547808,132,3183.079823,189.3,3091.153367,476.8,1.0
-0.46,9800,10440.0,1,11111000,1,1901.0,1086.0,1901.0,115.0,3655.0,3655.0,0,2213.0,1703.0,1158.0,4221.0,4796.5,18,1000.0,475.0,1000.0,1,1000,1000,9,0.0,0.0,1,0.501979983,107,2833.0996,371.95,2879.175352,571.6,1.0
23.0,10600,10420.0,1,11111000,1,1887.0,1158.0,1887.0,31.0,3503.0,3503.0,0,2270.0,1710.0,1346.0,3591.0,3445.0,18,1000.0,1187.5,1000.0,1,1000,1000,18,0.0,0.0,1,0.488976519,162,2576.100462,198.1,2386.942578,616.2,1.0
11.92,9800,8375.0,1,11011111,8,1172.0,728.0,1171.5,107.0,5902.0,6296.0,3,1808.0,1438.0,910.0,5111.0,5508.5,16,755.0,484.0,755.0,5,1479,1408,284,11.6,2.0,12,0.498518451,167,2670.179469,156.0,2619.197522,730.6,1.0
0.89,15700,8985.0,1,11111101,4,736.0,843.0,734.0,214.0,2496.0,2495.5,2,1938.0,1622.0,767.0,2031.0,2437.0,18,736.0,624.0,736.0,2,1074,790,626,0.7,1.0,3,0.544308289,131,3135.863594,222.0,1958.565871,250.8,1.0
-2.13,11100,8445.0,1,10101111,5,2081.0,489.0,2081.0,4.0,4293.0,4293.0,4,1948.0,1513.0,959.0,2326.0,1081.0,25,1439.0,266.0,1439.0,1,1048,959,183,0.7,1.0,3,0.522708084,445,2903.359808,154.7,2793.901301,621.5,0.0
-1.45,9800,8160.0,1,10001000,2,616.0,2458.0,610.0,2424.0,1025.0,1025.0,1,1870.0,1864.0,113.0,790.0,1025.0,7,569.0,657.0,569.0,1,1601,1601,44,5.0,5.0,4,0.551499235,42,3383.440746,176.9,2830.180516,619.8,1.0
-1.63,10000,8160.0,1,10001000,2,616.0,2458.0,610.0,2424.0,1025.0,1025.0,1,1870.0,1864.0,113.0,790.0,1025.0,7,569.0,657.0,569.0,1,1601,1601,44,5.0,5.0,4,0.551572593,38,3452.534082,254.1,2665.209027,740.3,1.0
0.25,15600,8985.0,1,11111101,4,736.0,843.0,734.0,214.0,2496.0,2495.5,2,1938.0,1622.0,767.0,2031.0,2437.0,18,736.0,624.0,736.0,2,1074,790,626,0.7,1.0,3,0.544566161,228,3179.769204,209.3,2010.03753,809.2,1.0
3.63,11800,8985.0,1,11111101,4,736.0,843.0,734.0,214.0,2496.0,2495.5,2,1938.0,1622.0,767.0,2031.0,2437.0,18,633.5,624.0,633.5,2,1074,790,626,0.7,1.0,3,0.595283831,119,2888.209673,172.5,2438.908726,577.7,1.0
10.28,11200,8445.0,1,10101111,5,2081.0,489.0,2081.0,4.0,4293.0,4293.0,4,1948.0,1513.0,959.0,2326.0,1081.0,25,1439.0,266.0,1439.0,1,1048,959,183,0.7,1.0,3,0.517916936,514,2810.670566,189.1,2379.488149,637.4,0.0
15.66,15400,8985.0,1,11111101,4,736.0,843.0,734.0,214.0,2496.0,2495.5,2,1938.0,1622.0,767.0,2031.0,2437.0,18,736.0,624.0,736.0,2,1074,790,626,0.7,1.0,3,0.537945825,337,2758.176414,182.7,2054.635437,446.1,1.0
40.52,10000,8160.0,1,10001000,2,616.0,2458.0,610.0,2424.0,1025.0,1025.0,1,1870.0,1864.0,113.0,790.0,1025.0,7,569.0,657.0,569.0,1,1601,1601,44,5.0,5.0,4,0.534394724,133,3069.592497,251.7,2324.338199,702.7,1.0
5.25,10100,9205.0,1,11111101,6,974.0,397.0,974.0,3.0,4057.0,2787.0,5,1863.0,1739.0,473.0,3793.0,2788.0,24,579.0,475.0,579.0,1,928,928,3,1.0,1.0,2,0.591149071,317,3405.908673,242.3,2287.406549,594.9,1.0
-5.71,7400,9545.0,1,1111101,3,2207.0,752.0,2207.0,65.0,559.0,559.0,1,1723.0,1285.0,984.0,624.0,559.0,7,1450.0,365.0,1450.0,2,1004,957,209,-1.0,-1.0,4,0.510718973,358,3129.436529,137.3,3092.401778,435.3,1.0
22.28,10200,9205.0,1,11111101,6,974.0,397.0,974.0,3.0,4057.0,2787.0,5,1863.0,1739.0,473.0,3793.0,2788.0,24,579.0,475.0,579.0,1,928,928,3,1.0,1.0,2,0.583672645,392,3019.273459,246.6,2491.999092,604.9,1.0
81.66,10300,8335.0,0,10001001,2,2746.0,2418.0,2746.0,2412.0,1025.0,1025.0,0,2678.0,2607.0,432.0,732.0,700.5,4,562.0,1384.0,562.0,2,1556,1556,21,7.1,16.0,7,0.511177664,48,2178.831474,163.6,1487.563294,707.9,1.0
1.55,7600,9570.0,1,11110010,3,1811.5,810.0,1811.0,52.0,560.0,560.0,1,1578.0,1093.0,1021.0,560.0,560.0,8,1450.0,264.0,1450.0,2,1078,1011,191,0.3,0.5,4,0.510585209,301,3317.264094,198.3,3062.836299,459.5,1.0
26.165,10200,8860.0,1,11111010,11,237.0,308.0,35.0,46.0,2259.0,2259.0,6,1769.0,1748.0,224.0,2129.0,2258.0,10,388.0,410.0,388.0,5,598,538,195,0.0,0.0,5,0.588176939,491,3120.067826,214.9,2437.221124,529.3,1.0
70.53,10300,8335.0,0,10001001,2,2746.0,2418.0,2746.0,2412.0,1025.0,1025.0,0,2678.0,2607.0,432.0,732.0,700.5,4,562.0,1384.0,562.0,2,1556,1556,21,7.1,16.0,7,0.515657072,113,2147.943132,189.7,1531.745871,638.6,1.0
8.07,7600,10385.0,1,11111000,3,1348.0,679.0,1348.0,232.0,3451.0,3446.0,3,2164.0,1661.0,1166.0,2491.0,2586.0,32,1366.0,2207.0,1366.0,0,2081,860,1639,-10.0,-13.0,4,0.508119701,383,3156.085533,129.5,3062.097199,919.4,0.0
0.85,10300,8160.0,1,10001000,2,616.0,2458.0,610.0,2424.0,1025.0,1025.0,1,1870.0,1864.0,113.0,790.0,1025.0,7,569.0,657.0,569.0,1,1601,1601,44,5.0,5.0,4,0.574264328,107,3479.21576,224.5,3024.888888,390.9,1.0
62.68,10300,8335.0,0,10001001,2,2746.0,2418.0,2746.0,2412.0,1025.0,1025.0,0,2678.0,2607.0,432.0,732.0,700.5,4,562.0,1384.0,562.0,2,1556,1556,21,7.1,16.0,7,0.518816402,187,2206.131451,734.0,1571.450458,659.5,1.0
0.88,10300,8160.0,1,10001000,2,616.0,2458.0,610.0,2424.0,1025.0,1025.0,1,1870.0,1864.0,113.0,790.0,1025.0,7,569.0,657.0,569.0,1,1601,1601,44,5.0,5.0,4,0.574251575,151,3440.218761,202.4,2890.949204,327.6,1.0
2.315,7300,8920.0,1,11011000,3,1217.0,936.0,1217.0,911.0,1016.0,1016.0,1,1999.0,1889.0,556.0,1134.0,1019.0,12,610.0,852.0,610.0,2,746,489,400,2.0,2.0,2,0.606818415,38,3148.416568,146.8,3195.083894,1018.0,1.0
11.23,7300,9315.0,1,11111010,7,837.0,556.0,836.0,15.0,2282.0,1700.0,4,1923.0,1773.0,554.0,2109.0,1699.0,32,784.0,242.0,784.0,3,1485,1124,751,2.9,-1.0,9,0.60038708,156,3119.387257,152.0,2420.874159,505.6,0.0
58.05,10500,8870.0,0,1110,3,2780.0,2486.0,2779.0,2471.0,2480.0,2480.0,0,2629.0,2606.0,276.0,1997.0,2000.0,3,858.0,541.0,858.0,3,1024,870,318,-1.2,-1.0,5,0.502460988,101,2485.747411,207.4,2501.605448,676.6,1.0
67.17,10500,8810.0,0,10001101,4,1781.0,1587.0,1778.0,1491.0,2093.5,2098.5,0,2300.0,2250.0,295.0,1923.0,1481.5,12,666.0,682.0,666.0,4,851,706,343,0.0,0.0,5,0.498918962,246,2416.34651,224.1,2168.165348,805.0,1.0
-1.91,9800,9120.0,1,11011101,3,1526.0,851.0,1487.0,275.0,3873.0,3873.0,2,2045.0,1822.0,702.0,2052.0,1767.0,20,796.0,371.0,796.0,1,814,814,18,0.0,0.0,1,0.58533376,48,3012.960439,138.8,2625.100015,636.4,1.0
-0.13,9800,8765.0,1,11111101,10,705.0,374.0,704.0,44.0,5387.0,3314.0,9,1639.0,1405.0,634.0,4857.0,4959.5,30,818.0,475.0,818.0,1,818,818,4,0.0,0.0,1,0.582275356,49,2939.421008,193.2,2292.099985,766.5,1.0
29.05,7400,10085.0,1,11110000,0,2181.0,1158.0,1946.5,58.0,2042.5,2045.0,0,2263.0,1444.0,1577.0,2008.0,1441.0,20,1147.0,296.5,1147.0,0,1154,1154,6,0.0,0.0,1,0.539171012,171,2725.084317,152.6,1668.609211,502.0,1.0
33.22,7400,9980.0,1,11111000,1,734.0,1147.0,734.0,152.0,260.0,260.0,1,2186.0,1594.0,1309.0,3867.0,5269.5,18,1703.0,475.0,1703.0,0,1731,1731,1,0.0,0.0,1,0.537471243,220,2703.052235,183.5,1703.5611,550.8,1.0
-3.13,7300,8455.0,0,1001101,5,2207.0,716.0,2207.0,33.5,2480.0,2480.0,0,1789.5,1234.5,1089.5,2148.5,2479.5,0,1260.0,352.0,1260.0,5,1578,1431,458,1.9,-1.0,14,0.574183679,36,3418.652943,268.0,2803.295414,444.6,1.0
14.06,12600,9110.0,1,11011001,6,1465.0,710.0,1465.0,640.0,4406.0,4406.0,1,2172.0,2086.0,471.0,2866.0,2638.0,17,1011.0,597.0,1011.0,5,1018,737,597,-0.6,-1.0,7,0.552795941,679,3173.314467,577.2,1813.776337,532.9,0.0
52.38,11800,8215.0,1,10001011,2,1934.0,788.0,1914.0,0.0,5648.0,5647.5,2,1876.0,1518.0,770.0,4305.0,5032.0,10,1320.0,657.0,1320.0,0,1650,1650,14,1.0,1.0,2,0.482264741,39,2383.651435,147.2,1890.723517,673.8,1.0
-0.56,7300,8535.0,1,10011110,3,1620.0,1169.0,1619.0,1124.0,3251.5,3617.5,0,2220.0,2159.0,447.0,1924.0,1269.0,12,708.0,299.0,708.0,3,543,161,507,0.7,1.0,3,0.573094568,113,3349.964309,143.4,3174.788642,455.8,1.0
11.31,11800,8215.0,1,10001011,2,1934.0,788.0,1914.0,0.0,5648.0,5647.5,2,1876.0,1518.0,770.0,4305.0,5032.0,10,1320.0,657.0,1320.0,0,1650,1650,14,1.0,1.0,2,0.497507574,129,2692.737861,176.5,2094.233551,800.8,1.0
11.7,11400,9110.0,1,11011001,6,1465.0,710.0,1465.0,640.0,4406.0,4406.0,1,2172.0,2086.0,471.0,2866.0,2638.0,17,1011.0,597.0,1011.0,5,1018,737,597,-0.6,-1.0,7,0.556864871,195,3229.885956,868.2,2429.851705,491.7,0.0
3.86,9600,7345.0,1,11011101,6,637.0,397.0,636.0,188.0,4952.0,4794.0,5,1589.0,1474.0,418.0,4182.0,3460.5,14,677.0,371.0,676.0,1,1542,1542,25,17.7,1.0,3,0.548505379,278,2570.272566,109.0,2101.778068,195.8,1.0
7.71,9600,7345.0,1,11011101,6,637.0,397.0,636.0,188.0,4952.0,4794.0,5,1589.0,1474.0,418.0,4182.0,3460.5,14,677.0,371.0,676.0,1,1542,1542,25,17.7,1.0,3,0.546938715,342,2553.961908,111.5,2178.882147,177.6,1.0
-2.47,10200,9475.0,0,111000,3,2717.5,1301.0,2716.5,216.0,2480.0,2480.0,0,1870.0,883.0,1559.0,3475.0,3475.0,0,787.0,411.0,787.0,3,1263,858,689,-1.4,-1.5,10,0.606314397,76,2919.941462,276.5,2657.547911,596.9,1.0
-0.71,10200,9475.0,0,111000,3,2717.5,1338.0,2716.5,188.0,2480.0,2480.0,0,2126.0,1175.0,1648.0,4691.0,4987.0,0,787.0,411.0,787.0,3,1263,858,689,-1.4,-1.5,10,0.605526426,98,2859.650296,280.7,2451.90137,520.2,1.0
12.44,9600,7345.0,1,11011101,6,637.0,397.0,636.0,188.0,4952.0,4794.0,5,1589.0,1474.0,418.0,4182.0,3460.5,14,677.0,371.0,676.0,1,1542,1542,25,17.7,1.0,3,0.545013956,376,2499.417045,105.0,1969.816576,226.6,1.0
5.27,12600,9310.0,1,11111100,4,1228.0,814.0,1228.0,3.0,1701.0,1700.5,2,2248.0,2056.0,623.0,1907.0,624.0,21,844.0,843.0,844.0,2,1654,1442,611,-2.3,1.0,7,0.577359106,456,3242.812405,153.3,2877.138122,227.0,0.0
-7.0,9800,8435.0,0,1110,3,2655.0,2475.0,2654.0,2434.0,2480.0,2480.0,0,2643.0,2623.0,236.0,1074.0,1074.0,2,850.0,485.0,850.0,3,1149,1033,287,-1.2,-1.0,5,0.561498688,44,2769.57419,130.6,2289.427364,334.0,1.0
5.71,7500,8985.0,1,11111101,4,736.0,843.0,734.0,214.0,2496.0,2495.5,2,1938.0,1622.0,767.0,2031.0,2437.0,18,1042.5,624.0,1042.5,2,1074,790,626,0.7,1.0,3,0.494821106,41,2278.39469,249.8,1324.59823,647.2,1.0
10.62,7500,8985.0,1,11111101,4,736.0,843.0,734.0,214.0,2496.0,2495.5,2,1938.0,1622.0,767.0,2031.0,2437.0,18,1042.5,624.0,1042.5,2,1074,790,626,0.7,1.0,3,0.493016176,88,2189.968557,190.1,1408.901054,694.5,1.0
16.97,7500,8985.0,1,11111101,4,736.0,843.0,734.0,214.0,2496.0,2495.5,2,1938.0,1622.0,767.0,2031.0,2437.0,18,1042.5,624.0,1042.5,2,1074,790,626,0.7,1.0,3,0.490681897,134,2204.64935,191.0,1123.938884,696.4,1.0
59.23,10000,8475.0,1,11001111,5,697.0,530.0,695.0,171.0,3489.0,3488.5,2,1801.0,1677.0,504.0,1856.0,1651.0,12,880.0,544.0,880.0,3,1635,1516,322,-0.6,-1.0,7,0.543280909,564,2825.472997,179.4,2453.491958,772.5,0.0
4.26,10000,9085.0,0,11111101,5,2794.0,2693.0,2793.0,1172.0,171.0,171.0,0,2867.0,2530.0,857.0,2196.0,1065.0,5,795.0,424.0,795.0,5,1703,1486,597,1.8,1.0,24,0.573436957,435,3159.452174,215.0,3048.83913,542.3,1.0
5.1,9000,9042.5,1,11111000,2,2611.0,942.0,2610.0,0.0,1049.0,1048.5,2,2471.0,1701.0,1581.0,1275.0,1035.0,41,1134.0,475.0,1134.0,0,1149,1149,23,0.0,0.0,1,0.541161144,38,3480.652674,194.3,3228.586918,333.8,1.0
12.08,8800,10520.0,1,11111000,1,1415.0,961.0,1415.0,0.0,2862.0,2862.0,1,2391.0,1577.0,1553.0,2937.0,2875.0,37,1201.0,1391.0,1200.0,0,1201,1200,38,0.0,0.0,1,0.538356253,118,3531.805048,135.3,3114.487134,409.8,1.0
42.28,9000,10520.0,1,11111000,1,1415.0,961.0,1415.0,0.0,2862.0,2862.0,1,2391.0,1577.0,1553.0,2937.0,2875.0,37,1201.0,1391.0,1200.0,0,1201,1200,38,0.0,0.0,1,0.526220478,112,3223.889381,114.0,3042.133097,534.9,1.0
20.89,10200,9065.0,1,10011101,3,1059.0,181.0,1042.0,88.0,4614.0,4614.0,1,1730.0,1684.0,281.0,3607.0,3968.0,9,576.0,1032.0,565.0,2,1382,1323,224,-1.0,-1.0,4,0.505115363,29,3272.850619,186.2,2823.121947,723.1,0.0
6.69,10000,9085.0,0,11111101,5,2794.0,2693.0,2793.0,1172.0,171.0,171.0,0,2867.0,2530.0,857.0,2196.0,1065.0,5,795.0,424.0,795.0,5,1703,1486,597,1.8,1.0,24,0.578302868,280,3301.484148,466.2,3030.730342,424.7,1.0
95.62,10200,8815.0,1,10111000,3,1202.0,906.0,1201.0,879.0,3612.0,3612.0,1,1872.0,1833.0,299.0,3124.0,3208.0,13,670.0,491.0,660.0,2,836,76,831,0.7,1.0,3,0.476753042,129,2899.779,333.0,2069.137445,1131.9,1.0
74.43,10200,9065.0,1,10011101,3,1059.0,181.0,1042.0,88.0,4614.0,4614.0,1,1730.0,1684.0,281.0,3607.0,3968.0,9,576.0,1032.0,565.0,2,1382,1323,224,-1.0,-1.0,4,0.484795295,236,2869.74137,318.0,1955.017345,1017.6,0.0
19.04,15500,8700.0,0,11111000,3,2820.0,2048.0,2820.0,1960.0,2067.5,2067.25,0,2582.0,2533.0,405.0,399.0,399.0,3,860.0,626.0,860.0,3,894,688,381,1.2,1.0,5,0.508894243,112,2652.091397,314.6,2083.410681,530.0,1.0
20.93,16000,7720.0,1,11111000,3,2269.0,1220.0,2258.0,266.0,5288.5,5286.75,0,2306.0,1965.0,924.0,2533.0,875.0,7,720.0,402.0,720.0,3,890,823,208,1.2,1.0,5,0.508172567,197,2741.192112,235.2,1695.031604,487.2,1.0
18.53,10200,8985.0,1,11111101,4,736.0,843.0,734.0,214.0,2496.0,2495.5,2,1938.0,1622.0,767.0,2031.0,2437.0,18,633.5,624.0,633.5,2,1074,790,626,0.7,1.0,3,0.574648808,250,2981.228426,254.6,2521.525948,490.1,1.0
-6.95,10300,8390.0,0,10001101,4,616.0,2458.0,610.0,2424.0,1025.0,1025.0,0,1870.0,1864.0,113.0,790.0,1025.0,0,843.0,657.0,843.0,4,1512,1433,316,1.2,1.0,10,0.552904246,33,2901.40995,180.0,2612.251004,492.5,1.0
19.72,10300,8390.0,0,10001101,4,616.0,2458.0,610.0,2424.0,1025.0,1025.0,0,1870.0,1864.0,113.0,790.0,1025.0,0,843.0,657.0,843.0,4,1512,1433,316,1.2,1.0,10,0.544716692,31,2862.625148,174.9,2721.909165,527.1,1.0
8.31,15400,8335.0,0,10001001,2,2746.0,2418.0,2746.0,2412.0,1025.0,1025.0,0,2678.0,2607.0,432.0,732.0,700.5,4,562.0,1384.0,562.0,2,1556,1556,21,7.1,16.0,7,0.564166454,310,3348.244094,229.3,2846.434552,1109.5,1.0
21.04,9900,10415.0,1,11100000,2,892.0,980.0,888.0,50.0,1764.0,1764.0,2,2071.0,1242.0,1483.0,1840.0,1764.0,12,1455.0,340.0,1455.0,0,1490,1490,4,0.0,0.0,1,0.51058827,39,2537.420385,190.7,1685.325063,580.9,1.0
21.98,10000,10415.0,1,11100000,2,892.0,980.0,888.0,50.0,1764.0,1764.0,2,2071.0,1242.0,1483.0,1840.0,1764.0,12,1455.0,340.0,1455.0,0,1490,1490,4,0.0,0.0,1,0.510739265,112,2325.636337,197.6,2008.504109,543.5,1.0
5.87,15800,8335.0,0,10001001,2,2746.0,2418.0,2746.0,2412.0,1025.0,1025.0,0,2678.0,2607.0,432.0,732.0,700.5,4,562.0,1384.0,562.0,2,1556,1556,21,7.1,16.0,7,0.565191085,415,3355.734944,320.7,3106.09055,538.4,1.0
13.8,10000,10415.0,1,11100000,2,892.0,980.0,888.0,50.0,1764.0,1764.0,2,2071.0,1242.0,1483.0,1840.0,1764.0,12,1455.0,340.0,1455.0,0,1490,1490,4,0.0,0.0,1,0.513880965,178,2519.909296,324.3,1889.667164,633.4,1.0
37.0,15800,8335.0,0,10001001,2,2746.0,2418.0,2746.0,2412.0,1025.0,1025.0,0,2678.0,2607.0,432.0,732.0,700.5,4,562.0,1384.0,562.0,2,1556,1556,21,7.1,16.0,7,0.552118641,488,3169.855167,185.2,3050.102809,531.4,1.0
15.19,10000,10055.0,1,11111000,0,1341.0,1291.0,1341.0,71.0,3478.0,3478.0,0,2444.0,1728.0,1475.0,3145.0,1743.0,33,1283.0,475.0,1283.0,0,1326,1326,19,0.0,0.0,1,0.566522913,135,2778.035644,687.2,2535.961762,456.7,1.0
19.2,10000,10285.0,1,11111000,1,1038.0,1115.0,1038.0,0.0,2020.0,2020.0,1,2536.0,1680.0,1639.0,3847.0,2443.0,29,1775.0,475.0,1775.0,0,1783,1783,28,0.0,0.0,1,0.564823254,126,2569.498384,140.3,2313.074005,597.7,1.0
38.38,10000,10275.0,1,11110000,1,1633.0,984.0,1633.0,4.0,5286.0,5286.0,1,2275.0,1394.0,1586.0,3199.0,3837.0,16,1639.0,1800.0,1639.0,0,1950,1402,1085,-0.7,-1.0,3,0.556693708,190,2584.143363,124.1,2555.544148,399.2,1.0
19.4,10400,10090.0,1,11110000,0,1998.0,1408.0,1763.5,42.0,2212.5,2212.75,0,2582.0,1602.0,1871.0,1799.0,1843.0,20,1511.0,475.0,1511.0,0,1647,1647,1,0.0,0.0,1,0.547718405,219,2666.452682,131.6,1770.280839,800.3,1.0
19.03,10400,10090.0,1,11110000,0,2097.5,1408.0,1863.0,42.0,2212.5,2212.75,0,2582.0,1602.0,1871.0,1799.0,1843.0,20,1511.0,475.0,1511.0,0,1647,1647,1,0.0,0.0,1,0.547870505,266,2722.559369,170.9,2523.886118,688.0,1.0
36.14,10400,10090.0,1,11110000,0,2097.5,1408.0,1863.0,42.0,2212.5,2212.75,0,2582.0,1602.0,1871.0,1799.0,1843.0,20,1511.0,475.0,1511.0,0,1647,1647,1,0.0,0.0,1,0.540836906,285,2655.381216,154.5,2462.709788,547.5,1.0
28.1,10500,8810.0,0,10001101,4,1781.0,1587.0,1778.0,1491.0,1025.0,1025.0,0,2300.0,2250.0,295.0,1923.0,1481.5,12,666.0,682.0,666.0,4,851,706,343,0.0,0.0,5,0.502990114,154,2913.556622,291.7,1741.495752,676.9,1.0
31.06,10400,8810.0,0,10001101,4,1781.0,1587.0,1778.0,1491.0,2093.5,2098.5,0,2300.0,2250.0,295.0,1923.0,1481.5,12,666.0,682.0,666.0,4,851,706,343,0.0,0.0,5,0.501865337,213,2964.785264,252.1,2221.265448,624.0,1.0
33.72,10000,7520.0,1,10001000,2,784.0,1178.0,782.0,243.0,3968.0,3968.0,1,1628.0,1626.0,79.0,4105.0,4104.5,4,1980.0,696.0,1980.0,1,1556,1540,155,-0.7,-1.0,3,0.492131695,41,2410.974005,144.5,2433.602601,375.6,1.0
5.62,10400,8810.0,0,10001101,4,1781.0,1587.0,1778.0,1491.0,1025.0,1025.0,0,2300.0,2250.0,295.0,1923.0,1481.5,12,666.0,682.0,666.0,4,851,706,343,0.0,0.0,5,0.511532341,309,3061.117722,306.5,1963.574113,883.5,1.0
20.53,10000,7520.0,1,10001000,2,784.0,1178.0,782.0,243.0,3968.0,3968.0,1,1628.0,1626.0,79.0,4105.0,4104.5,4,1980.0,696.0,1980.0,1,1556,1540,155,-0.7,-1.0,3,0.497056503,107,2485.828165,203.5,2458.557476,451.7,1.0
23.17,9800,10650.0,1,11111000,0,1142.0,1283.0,1142.0,0.0,3478.0,3478.0,0,2602.0,1580.0,1815.0,3088.0,2258.5,26,1847.0,1187.5,1847.0,0,1847,1847,16,0.0,0.0,1,0.543612617,32,2738.44581,110.2,2779.193382,365.7,1.0
23.53,10000,8755.0,1,10001011,4,1537.0,417.0,1537.0,1.0,3162.0,3172.0,3,1870.0,1796.0,322.0,2430.0,3142.0,12,882.0,657.0,882.0,1,1172,1172,10,1.0,1.0,2,0.49593638,171,2424.761231,158.4,2323.468449,334.8,1.0
7.93,10000,8915.0,1,11111100,5,991.0,609.0,987.0,119.0,1844.0,835.0,4,1832.0,1694.0,530.0,3097.0,1478.0,21,797.0,1891.0,797.0,1,1720,1496,664,12.0,12.0,4,0.523895323,100,2471.255945,105.0,2472.226587,313.8,1.0
28.3,10000,9475.0,1,11111101,5,2331.0,904.0,2326.0,434.0,171.0,171.0,1,1948.0,1770.0,667.0,1366.0,171.0,7,580.0,519.0,580.0,4,1499,1409,285,16.9,30.0,11,0.505867641,29,2712.567541,254.9,2313.355575,794.0,0.0
62.34,9800,10650.0,1,11111000,0,1142.0,1283.0,1142.0,0.0,3478.0,3478.0,0,2602.0,1580.0,1815.0,3088.0,2258.5,26,1847.0,1187.5,1847.0,0,1847,1847,16,0.0,0.0,1,0.527585923,176,2514.476383,106.7,2120.666456,475.1,1.0
41.75,10000,9475.0,1,11111101,5,2331.0,904.0,2326.0,434.0,171.0,171.0,1,1948.0,1770.0,667.0,1366.0,171.0,7,580.0,519.0,580.0,4,1499,1409,285,16.9,30.0,11,0.500726729,148,2597.442801,193.2,2254.978707,442.3,0.0
-0.84,12800,9965.0,1,1111000,1,1677.0,1226.0,1499.0,4.0,2480.0,2480.0,0,2241.0,1168.0,1739.0,5024.0,4365.5,18,919.0,1957.0,918.0,1,967,967,35,0.0,0.0,1,0.606521422,441,2621.10985,217.3,1434.416699,243.4,1.0
2.96,12500,10130.0,1,11110000,0,1429.0,1315.0,1427.5,332.0,2355.0,2355.0,0,2214.0,1430.0,1577.0,1520.0,1520.0,12,1092.0,733.5,1092.0,0,1100,1100,4,0.0,0.0,1,0.605544059,41,2745.732051,196.6,1683.805117,1002.2,1.0
-2.1,12600,10130.0,1,11110000,0,1429.0,1315.0,1427.5,332.0,2355.0,2355.0,0,2214.0,1430.0,1577.0,1520.0,1520.0,12,1092.0,733.5,1092.0,0,1100,1100,4,0.0,0.0,1,0.607815705,130,2846.88364,269.3,1917.067818,1069.3,1.0
34.33,12700,8455.0,1,11011111,6,871.0,540.0,871.0,85.0,5664.0,6217.0,6,1943.0,1553.0,858.0,4339.0,5900.0,29,1456.0,1142.0,1456.0,0,1859,1751,503,32.6,53.0,5,0.501028289,181,2727.339854,485.6,2165.224217,657.0,0.0
43.13,9800,10235.0,1,11111000,1,1887.0,1183.0,1887.0,1.0,3899.0,3899.0,0,2373.0,1646.0,1455.0,3037.0,3695.0,27,826.0,1187.5,826.0,1,838,838,1,0.0,0.0,1,0.49727883,60,2730.944463,255.1,2086.997291,740.5,1.0
23.1,12600,8045.0,1,10101111,9,2081.0,535.0,2081.0,0.0,3131.0,3132.0,5,1989.0,1508.0,1031.0,2879.0,3133.0,18,722.0,276.0,722.0,4,703,646,139,0.3,0.5,4,0.505299059,282,2707.380662,157.5,2690.661985,615.0,1.0
39.95,9800,10235.0,1,11111000,1,1887.0,1183.0,1887.0,1.0,3899.0,3899.0,0,2373.0,1646.0,1455.0,3037.0,3695.0,27,826.0,1187.5,826.0,1,838,838,1,0.0,0.0,1,0.498487205,189,2661.586795,167.9,1997.20908,497.2,1.0
8.21,12700,10365.0,1,11111000,0,2041.0,1143.0,1806.5,10.0,1957.5,1957.5,0,2150.0,1389.0,1436.0,924.0,846.0,16,1200.0,550.5,1200.0,0,1758,1758,8,0.7,1.0,3,0.510961728,359,2804.131512,142.3,2854.3197,394.8,1.0
16.66,10300,10355.0,1,11110000,1,2331.0,1159.0,2326.0,3.0,171.0,171.0,0,2263.0,1614.0,1454.0,788.0,842.0,16,1026.0,519.0,1026.0,1,1859,1859,6,-0.5,-0.5,2,0.509494796,39,2144.46691,317.7,2110.712389,567.7,1.0
17.37,15400,8340.0,1,10101111,3,1446.0,596.0,1446.0,61.0,126.0,125.5,2,1992.0,1761.0,647.0,1081.0,140.0,19,1200.0,264.0,1200.0,1,918,839,183,0.7,1.0,3,0.517438798,547,2659.629796,204.0,2523.697845,664.0,0.0
26.09,10200,8070.0,1,1001111,5,2207.0,680.0,2207.0,2.0,4401.0,4401.0,3,1856.0,1184.0,1195.0,3673.0,4400.0,11,800.0,263.0,800.0,2,987,935,140,0.3,0.5,4,0.50589623,107,2019.252397,214.3,1753.971943,312.3,1.0
29.88,10200,10355.0,1,11111000,1,2331.0,1136.0,2326.0,1.0,171.0,171.0,0,2159.0,1454.0,1443.0,817.0,844.0,16,1026.0,519.0,1026.0,1,1750,1750,9,-0.7,-1.0,3,0.504449934,172,2143.447726,873.6,2124.827041,529.7,1.0
13.57,15800,8355.0,0,10100001,1,1763.5,2205.0,1763.5,2188.0,1504.0,1503.75,0,2432.0,2299.0,697.0,3022.0,2979.0,3,1411.0,260.0,1411.0,1,1047,954,174,0.7,1.0,3,0.5194272,139,3062.199077,346.0,2622.471528,678.2,1.0
30.62,15700,8375.0,1,10101001,3,1763.5,830.0,1763.5,777.0,2882.0,2882.0,2,1912.0,1708.0,742.0,3029.0,2979.0,8,1411.0,261.0,1411.0,1,1050,954,187,0.7,1.0,3,0.512809254,217,2714.593621,245.5,2578.192266,901.9,1.0
0.54,10400,10040.0,1,11111000,1,1241.5,984.0,1241.5,21.0,4936.0,4936.0,1,2354.0,1458.0,1693.0,3416.0,2704.5,24,1437.0,1187.5,1437.0,0,1441,1441,16,0.0,0.0,1,0.638137019,73,2909.625279,172.0,1749.014082,208.3,1.0
6.73,9800,8340.0,1,10001111,3,1883.0,1178.0,1868.5,243.0,5187.0,5186.5,0,2188.0,1788.0,1125.0,4658.0,4791.0,8,561.0,290.0,561.0,3,812,743,216,-1.0,-1.0,4,0.551270714,290,2789.780893,121.6,2643.175606,397.6,1.0
9.69,9800,8340.0,1,10001111,3,1883.0,1178.0,1868.5,243.0,5187.0,5186.5,0,2188.0,1788.0,1125.0,4658.0,4791.0,8,561.0,290.0,561.0,3,812,743,216,-1.0,-1.0,4,0.550057558,353,2758.72444,138.4,2515.777676,424.6,1.0
5.94,9700,8340.0,1,10001111,3,1883.0,1178.0,1868.5,243.0,5187.0,5186.5,0,2188.0,1788.0,1125.0,4658.0,4791.0,8,561.0,290.0,561.0,3,812,743,216,-1.0,-1.0,4,0.551594496,414,2721.171681,108.0,2383.70354,608.6,1.0
23.36,10300,10415.0,1,11100000,2,892.0,980.0,888.0,50.0,1764.0,1764.0,2,2071.0,1242.0,1483.0,1840.0,1764.0,12,1455.0,340.0,1455.0,0,1490,1490,4,0.0,0.0,1,0.590354319,47,2801.394921,177.8,2238.400192,381.4,1.0
-1.54,15400,8480.0,1,11110111,6,2618.0,508.0,2618.0,6.0,4002.0,4001.5,4,2141.0,1997.0,523.0,2559.0,1966.0,15,1297.0,305.0,1297.0,2,995,798,393,1.2,1.0,5,0.558825852,109,3102.335321,216.1,2510.022085,617.1,0.0
22.880000000000003,15400,8160.0,1,10001000,2,616.0,2458.0,610.0,2424.0,1025.0,1025.0,1,1870.0,1864.0,113.0,790.0,1025.0,7,569.0,678.0,569.0,1,1601,1601,44,5.0,5.0,4,0.55975494,150,3117.687957,191.3,2687.512197,559.3,1.0
71.19,10300,10415.0,1,11100000,2,892.0,980.0,888.0,50.0,1764.0,1764.0,2,2071.0,1242.0,1483.0,1840.0,1764.0,12,1455.0,340.0,1455.0,0,1490,1490,4,0.0,0.0,1,0.569098586,114,2720.473551,168.1,2288.421185,451.1,1.0
-9.64,15400,9115.0,1,11111100,5,1454.0,151.0,1453.0,86.0,6575.0,6572.0,4,1933.0,1800.0,503.0,3077.0,1646.5,22,1040.0,1267.0,1040.0,1,1377,922,776,0.3,0.5,4,0.562170569,164,3281.536437,169.0,2623.257599,487.7,0.0
19.15,12800,10570.0,1,11111000,1,1122.0,1232.0,1122.0,268.0,1377.0,1377.0,0,2174.0,1467.0,1445.0,3186.0,3359.5,26,1000.0,2528.0,1000.0,1,1500,1500,29,-0.5,-0.5,2,0.512544035,407,2574.941516,158.0,2112.50304,591.8,1.0
25.99,12800,10545.0,1,11111000,2,2122.0,1096.0,2121.0,76.0,1377.0,1377.0,0,2308.0,1535.0,1546.0,2956.0,3358.0,27,1000.0,2528.0,1000.0,2,1000,1000,17,-0.5,-0.5,2,0.509913306,502,2573.080854,156.5,2105.910088,766.0,1.0
46.45,10300,8335.0,0,10001001,2,2746.0,2418.0,2746.0,2412.0,1025.0,1025.0,0,2678.0,2607.0,432.0,732.0,700.5,4,562.0,1384.0,562.0,2,1556,1556,21,7.1,16.0,7,0.524243429,65,2110.786949,166.4,903.0374375,365.2,1.0
31.5,10300,8335.0,0,10001001,2,2746.0,2418.0,2746.0,2412.0,1025.0,1025.0,0,2678.0,2607.0,432.0,732.0,700.5,4,562.0,1384.0,562.0,2,1556,1556,21,7.1,16.0,7,0.530247589,60,1900.924155,183.4,945.3021316,577.4,1.0
19.06,12800,10545.0,1,11111000,2,2122.0,1096.0,2121.0,76.0,1377.0,1377.0,0,2308.0,1535.0,1546.0,2956.0,3358.0,27,1000.0,2528.0,1000.0,2,1000,1000,17,-0.5,-0.5,2,0.512578649,593,2613.121739,170.7,1950.906656,780.2,1.0
40.74,10300,8335.0,0,10001001,2,2746.0,2418.0,2746.0,2412.0,1025.0,1025.0,0,2678.0,2607.0,432.0,732.0,700.5,4,562.0,1384.0,562.0,2,1556,1556,21,7.1,16.0,7,0.526536657,203,1824.858692,128.6,933.2935975,409.0,1.0
3.3,12600,8920.0,1,11011000,3,1217.0,936.0,1217.0,911.0,1016.0,1016.0,1,1999.0,1889.0,556.0,1134.0,1019.0,12,610.0,852.0,610.0,2,746,489,400,2.0,2.0,2,0.553714195,43,3015.39506,221.4,2746.547426,565.7,0.0
3.03,12600,10085.0,1,1111000,0,2207.0,1392.0,2207.0,40.0,2480.0,2480.0,0,2467.0,1462.0,1809.0,2132.0,1860.0,23,1508.0,1957.0,1508.0,0,1644,1644,1,0.0,0.0,1,0.553825062,49,3041.303786,222.1,2686.28778,622.1,1.0
24.55,12800,8920.0,1,11011000,3,1217.0,936.0,1217.0,911.0,1016.0,1016.0,1,1999.0,1889.0,556.0,1134.0,1019.0,12,610.0,852.0,610.0,2,746,489,400,2.0,2.0,2,0.544886397,35,2899.708788,183.6,2551.451781,409.3,0.0
-3.38,10800,10350.0,1,11111000,5,1522.0,600.0,1522.0,127.0,2620.0,2620.0,4,2136.0,1636.0,1181.0,2563.0,2080.0,33,1023.0,2084.0,1023.0,1,1962,819,1571,-34.0,-45.0,4,0.528092002,468,3064.850396,431.0,2571.955575,691.0,0.0
22.51,10800,9682.5,1,11111001,3,2854.0,585.0,2385.0,45.0,2211.0,2211.0,3,2151.0,1572.0,1304.0,2257.0,2037.0,47,1492.0,475.0,1492.0,0,1492,1492,11,0.0,0.0,1,0.520048796,47,3127.017699,501.5,2588.417661,520.7,1.0
23.13,10800,10365.0,1,11111000,4,2097.5,598.0,1863.0,3.0,2214.0,2214.5,4,2229.0,1633.0,1319.0,1892.0,2037.0,37,1492.0,1354.0,1492.0,0,1492,1492,11,0.0,0.0,1,0.517761364,571,3105.356922,221.4,2433.504802,687.4,1.0
30.18,15800,9065.0,1,10011101,3,1059.0,181.0,1042.0,88.0,4614.0,4614.0,1,1730.0,1684.0,281.0,3607.0,3968.0,9,576.0,1032.0,565.0,2,1382,1323,224,-1.0,-1.0,4,0.508810297,62,2794.958161,320.2,1831.250796,611.9,0.0
48.86,15800,8815.0,1,10111000,3,1202.0,906.0,1201.0,879.0,3612.0,3612.0,1,1872.0,1833.0,299.0,3124.0,3208.0,13,1005.5,491.0,1005.5,2,836,76,831,0.7,1.0,3,0.520791318,162,2930.910773,147.3,1765.68711,284.4,1.0
2.1,15800,8815.0,1,10111000,3,1202.0,906.0,1201.0,879.0,3612.0,3612.0,1,1872.0,1833.0,299.0,3124.0,3208.0,13,1005.5,491.0,1005.5,2,836,76,831,0.7,1.0,3,0.519620935,316,3049.659077,287.7,1778.518946,532.0,1.0
-4.9,10400,8480.0,1,11111111,5,765.0,469.0,765.0,424.0,1576.0,1576.0,3,1913.0,1878.0,268.0,2678.0,2936.0,15,651.0,540.0,651.0,2,1456,942,909,14.1,2.0,9,0.56397171,44,2901.724733,183.4,3079.070489,1036.7,0.0
35.91,10300,8480.0,1,11111111,5,765.0,469.0,765.0,424.0,1576.0,1576.0,3,1913.0,1878.0,268.0,2678.0,2936.0,15,651.0,540.0,651.0,2,1456,942,909,14.1,2.0,9,0.544779338,45,3020.245094,203.8,2234.940362,578.3,0.0
34.82,10300,8480.0,1,11111111,5,765.0,469.0,765.0,424.0,1576.0,1576.0,3,1913.0,1878.0,268.0,2678.0,2936.0,15,651.0,540.0,651.0,2,1456,942,909,14.1,2.0,9,0.547460172,121,2711.988942,251.2,2767.440439,586.0,0.0
13.46,13000,8275.0,0,1110,2,2780.0,2486.0,2779.0,2471.0,2480.0,2480.0,0,2629.0,2606.0,276.0,1997.0,2000.0,0,846.0,581.0,846.0,2,1317,1180,291,3.5,3.5,6,0.550263215,519,2576.26137,535.1,1012.064833,315.1,1.0
13.66,10100,9945.0,1,11111000,1,1633.0,1276.0,1633.0,162.0,3411.0,3411.0,0,2736.0,1734.0,1773.0,3229.0,4293.0,19,1016.0,475.0,1016.0,1,1016,1016,9,0.0,0.0,1,0.551107734,40,2789.521162,450.0,2937.843594,854.9,1.0
5.26,12900,8595.0,0,11011000,4,1946.0,1968.0,1946.0,1949.0,4406.0,4406.0,0,2335.0,2316.0,228.0,2560.0,2707.0,7,648.0,586.0,648.0,4,893,791,297,-4.6,-8.0,5,0.565343624,36,2970.475952,171.1,984.4393228,590.6,1.0
14.4,13000,8275.0,0,1110,2,2780.0,2486.0,2779.0,2471.0,2480.0,2480.0,0,2629.0,2606.0,276.0,1997.0,2000.0,0,846.0,581.0,846.0,2,1317,1180,291,3.5,3.5,6,0.557698293,57,2597.085479,164.7,1325.000416,953.5,1.0
30.9,10100,9790.0,1,1111000,0,2749.0,1471.0,2749.0,9.0,2480.0,2480.0,0,2443.0,1679.0,1542.0,1392.0,1307.0,12,1906.0,3549.0,1905.0,0,2788,2468,1032,-28.5,-28.5,2,0.544007427,104,2591.577861,423.0,2666.980485,982.7,1.0
16.36,13000,9065.0,1,10011101,3,1059.0,181.0,1042.0,88.0,4614.0,4614.0,1,1730.0,1684.0,281.0,3607.0,3968.0,9,576.0,1032.0,565.0,2,1382,1323,224,-1.0,-1.0,4,0.560683247,118,2817.625625,278.8,2045.152982,1330.4,0.0
14.04,12700,8410.0,1,10001101,3,1205.0,770.0,1204.0,546.0,4681.0,4681.0,1,1729.0,1668.0,335.0,4561.0,4681.0,9,1000.0,611.0,1000.0,2,806,750,176,1.0,1.0,2,0.558569017,189,2700.095806,179.2,2485.147003,1010.9,0.0
3.82,10100,9945.0,1,11111000,1,1633.0,1276.0,1633.0,162.0,3411.0,3411.0,0,2736.0,1734.0,1773.0,3229.0,4293.0,19,1016.0,475.0,1016.0,1,1016,1016,9,0.0,0.0,1,0.555160345,237,2876.678038,293.9,2559.673921,907.2,1.0
24.77,12600,10565.0,1,11111000,1,768.0,1182.0,768.0,1.0,1014.0,1014.0,1,2423.0,1458.0,1723.0,5390.0,5779.0,28,1732.0,2528.0,1732.0,0,2198,2198,16,-20.0,-20.0,2,0.52886577,158,2617.333459,184.1,1913.749196,580.7,1.0
30.9,12700,10565.0,1,11111000,1,768.0,1182.0,768.0,1.0,1014.0,1014.0,1,2423.0,1458.0,1723.0,5390.0,5779.0,28,1732.0,2528.0,1732.0,0,2198,2198,16,-20.0,-20.0,2,0.526422733,151,2585.380385,159.3,1319.029465,451.6,1.0
32.79,12700,10565.0,1,11111000,1,768.0,1182.0,768.0,1.0,1014.0,1014.0,1,2423.0,1458.0,1723.0,5390.0,5779.0,28,1732.0,2528.0,1732.0,0,2198,2198,16,-20.0,-20.0,2,0.525669496,225,2623.4198,116.0,1695.386333,536.6,1.0
3.9,10000,8450.0,0,11000001,3,2481.0,2663.0,2481.0,2657.0,4093.0,4092.75,0,2708.0,2690.0,256.0,2472.0,2472.0,3,651.0,480.0,651.0,3,1161,1050,352,0.7,1.0,7,0.528055601,52,2739.891112,227.4,2319.774475,475.8,1.0
-12.43,10300,8450.0,0,11000001,3,2481.0,2663.0,2481.0,2657.0,4093.0,4092.75,0,2708.0,2690.0,256.0,2472.0,2472.0,3,651.0,480.0,651.0,3,1161,1050,352,0.7,1.0,7,0.532353541,47,2931.53319,264.0,2805.079207,461.8,1.0
22.47,10200,8450.0,0,11000001,3,2481.0,2663.0,2481.0,2657.0,4093.0,4092.75,0,2708.0,2690.0,256.0,2472.0,2472.0,3,651.0,480.0,651.0,3,1161,1050,352,0.7,1.0,7,0.520780505,121,2747.544833,154.9,2214.142524,481.8,1.0
-7.45,7600,9840.0,1,11111000,5,1012.0,1268.0,1012.0,3.0,1308.0,1308.0,1,2254.0,2003.0,746.0,1425.0,1317.5,20,713.0,351.0,713.0,4,1699,1382,725,-14.6,-22.5,18,0.483027875,49,3006.098045,257.1,2805.181939,524.9,1.0
-5.57,7600,9495.0,1,11101001,6,892.0,669.0,888.0,632.0,1997.0,1996.5,2,1947.0,1923.0,219.0,1706.0,1996.5,8,864.0,340.0,864.0,4,1389,1137,602,0.9,1.5,14,0.482359784,113,3124.461324,167.3,2995.954375,456.3,0.0
30.95,10100,8350.0,0,11001000,3,1348.0,1736.0,1348.0,1684.0,4093.0,4092.75,0,2168.0,2142.0,204.0,2248.0,1786.0,9,650.0,629.0,650.0,3,695,519,313,0.7,1.0,3,0.558724894,282,2626.5012,230.0,2511.856437,627.9,1.0
-4.01,15100,8470.0,1,11011001,5,1012.0,612.0,999.0,579.0,2019.0,2019.0,3,1856.0,1817.0,268.0,1456.0,2003.5,12,880.0,482.0,880.0,2,542,291,452,1.0,1.0,2,0.523538231,230,2749.20177,188.0,2586.205618,500.2,1.0
35.36,10100,8350.0,0,11001000,3,1348.0,1736.0,1348.0,1684.0,4093.0,4092.75,0,2168.0,2142.0,204.0,2248.0,1786.0,9,650.0,629.0,650.0,3,695,519,313,0.7,1.0,3,0.556859425,367,2528.183455,221.0,2720.054521,494.4,1.0
5.7,15300,8470.0,1,11011001,5,1012.0,612.0,999.0,579.0,2019.0,2019.0,3,1856.0,1817.0,268.0,1456.0,2003.5,12,880.0,482.0,880.0,2,542,291,452,1.0,1.0,2,0.51916722,49,2582.789304,164.5,2392.027272,450.1,1.0
13.8,15600,8470.0,1,11011001,5,1012.0,612.0,999.0,579.0,2019.0,2019.0,3,1856.0,1817.0,268.0,1456.0,2003.5,12,880.0,482.0,880.0,2,542,291,452,1.0,1.0,2,0.516043157,49,2790.013067,136.4,2428.815475,441.3,1.0
44.56,13600,8390.0,0,10001101,4,1781.0,1587.0,1778.0,1491.0,4190.0,4192.5,0,2300.0,2250.0,295.0,1923.0,1481.5,0,843.0,657.0,843.0,4,1512,1433,316,1.2,1.0,10,0.500457436,50,2217.049211,244.6,2051.099384,657.7,1.0
35.84,13200,8810.0,0,10001101,4,1781.0,1587.0,1778.0,1491.0,1674.5,1674.5,0,2300.0,2250.0,295.0,1923.0,1481.5,12,666.0,682.0,666.0,4,851,706,343,0.0,0.0,5,0.498732522,317,2379.743894,176.5,2201.34,589.4,1.0
44.16,13600,8870.0,0,1110,3,2780.0,2486.0,2779.0,2471.0,2480.0,2480.0,0,2629.0,2606.0,276.0,1997.0,2000.0,3,858.0,541.0,858.0,3,1024,870,318,-1.2,-1.0,5,0.500610571,116,2269.023278,235.8,2197.135437,648.6,1.0
40.2,13200,8810.0,0,10001101,4,1781.0,1587.0,1778.0,1491.0,1025.0,1025.0,0,2300.0,2250.0,295.0,1923.0,1481.5,12,666.0,682.0,666.0,4,851,706,343,0.0,0.0,5,0.497489429,420,2216.00828,205.1,1544.676122,741.0,1.0
-7.58,10300,9475.0,0,111000,3,2717.5,1301.0,2716.5,216.0,2480.0,2480.0,0,1870.0,883.0,1559.0,3475.0,3475.0,0,787.0,411.0,787.0,3,1263,858,689,-1.4,-1.5,10,0.60044287,41,3380.159177,236.4,2756.549842,289.7,1.0
1.84,10300,8160.0,1,10001000,2,616.0,2458.0,610.0,2424.0,1025.0,1025.0,1,1870.0,1864.0,113.0,790.0,1025.0,7,569.0,657.0,569.0,1,1601,1601,44,5.0,5.0,4,0.596281978,37,3426.887418,225.7,2834.186764,247.1,1.0
24.22,13600,8870.0,0,1110,3,2780.0,2486.0,2779.0,2471.0,2480.0,2480.0,0,2629.0,2606.0,276.0,1997.0,2000.0,3,858.0,541.0,858.0,3,1024,870,318,-1.2,-1.0,5,0.508244392,271,2276.248295,262.4,996.2498269,617.7,1.0
27.43,12600,9185.0,1,11011101,4,1325.0,956.0,1286.0,237.0,2821.0,2821.0,2,1981.0,1681.0,773.0,4290.0,3262.0,21,1000.0,593.0,1000.0,2,796,750,169,1.0,1.0,2,0.521181337,309,2690.113975,146.1,1538.691204,446.0,0.0
4.31,8100,8970.0,1,10111111,8,619.0,596.0,614.0,5.0,3843.0,5016.0,6,1867.0,1756.0,452.0,3443.0,3998.5,36,1007.0,432.0,1001.5,2,1252,658,951,-19.8,-20.0,4,0.555684381,227,2910.095806,148.8,2736.134359,598.6,1.0
0.37,7800,8920.0,1,11111111,7,1086.0,420.0,1085.0,44.0,3514.0,1961.0,7,1784.0,1565.0,616.0,3171.0,2619.0,34,1206.0,433.0,1206.0,0,1618,1618,14,-0.5,-0.5,2,0.556269245,54,3200.823486,183.1,2704.069504,759.0,1.0
4.33,7900,8910.0,1,11111111,8,1401.0,250.0,1401.0,5.0,4111.0,5532.0,7,1775.0,1568.0,590.0,3277.0,3263.0,32,823.0,448.0,823.0,1,1015,1015,8,-0.5,-0.5,2,0.55463923,44,3337.386903,198.4,2630.823009,574.0,1.0
27.8,12700,10575.0,1,11111000,1,1018.0,1275.0,1018.0,1.0,2460.0,2460.0,1,2491.0,1542.0,1723.0,3824.0,3895.0,21,1763.0,2528.0,1763.0,0,1791,1791,23,0.0,0.0,1,0.521035728,390,2693.826949,278.7,1628.125764,714.8,1.0
82.85,12600,10575.0,1,11111000,1,1018.0,1275.0,1018.0,1.0,2460.0,2460.0,1,2491.0,1542.0,1723.0,3824.0,3895.0,21,1763.0,2528.0,1763.0,0,1791,1791,23,0.0,0.0,1,0.499371573,473,2460.5397,117.1,1571.429111,635.9,1.0
1.49,13600,8530.0,1,11001101,3,1348.0,863.0,1348.0,266.0,1528.0,1528.0,1,1882.0,1681.0,730.0,2045.0,2238.0,7,840.0,708.0,840.0,2,1182,1067,308,1.5,1.5,4,0.546975982,67,2401.098446,392.5,1218.33913,326.8,1.0
5.31,13500,8530.0,1,11001101,3,1348.0,863.0,1348.0,266.0,1528.0,1528.0,1,1882.0,1681.0,730.0,2045.0,2238.0,7,840.0,708.0,840.0,2,1182,1067,308,1.5,1.5,4,0.54542858,168,2770.815544,301.7,1507.649634,499.1,1.0
8.26,13600,8530.0,1,11001101,3,1348.0,863.0,1348.0,266.0,1528.0,1528.0,1,1882.0,1681.0,730.0,2045.0,2238.0,7,840.0,708.0,840.0,2,1182,1067,308,1.5,1.5,4,0.544233598,256,2583.971528,214.6,1561.060485,420.9,1.0
44.26,12600,10415.0,1,11100000,2,892.0,980.0,888.0,50.0,1764.0,1764.0,2,2071.0,1242.0,1483.0,1840.0,1764.0,12,1455.0,340.0,1455.0,0,1490,1490,4,0.0,0.0,1,0.497453144,204,2090.504617,226.7,2082.40581,451.1,1.0
24.84,9600,8885.0,1,11101000,5,1216.0,819.0,1215.0,785.0,4267.0,4267.0,1,1947.0,1906.0,320.0,4366.0,4272.0,7,725.0,538.0,725.0,4,825,492,535,1.0,1.0,5,0.557633447,48,2780.694513,244.6,1882.284217,994.1,0.0
62.9,10300,10415.0,1,11100000,2,892.0,980.0,888.0,50.0,1764.0,1764.0,2,2071.0,1242.0,1483.0,1840.0,1764.0,12,1455.0,340.0,1455.0,0,1490,1490,4,0.0,0.0,1,0.493733708,56,2241.767857,285.3,2155.205518,676.6,1.0
64.22,12800,10415.0,1,11100000,2,892.0,980.0,888.0,50.0,1764.0,1764.0,2,2071.0,1242.0,1483.0,1840.0,1764.0,12,1455.0,340.0,1455.0,0,1490,1490,4,0.0,0.0,1,0.489859281,301,1975.04237,160.3,1654.048903,751.2,1.0
31.71,10200,10415.0,1,11100000,2,892.0,980.0,888.0,50.0,1764.0,1764.0,2,2071.0,1242.0,1483.0,1840.0,1764.0,12,1455.0,340.0,1455.0,0,1490,1490,4,0.0,0.0,1,0.505681674,133,2395.528511,288.3,2422.351828,376.5,1.0
40.34,10200,10415.0,1,11100000,2,892.0,980.0,888.0,50.0,1764.0,1764.0,2,2071.0,1242.0,1483.0,1840.0,1764.0,12,1455.0,340.0,1455.0,0,1490,1490,4,0.0,0.0,1,0.502375776,189,2302.56621,455.2,2319.878738,830.1,1.0
67.53,12700,10415.0,1,11100000,2,892.0,980.0,888.0,50.0,1764.0,1764.0,2,2071.0,1242.0,1483.0,1840.0,1764.0,12,1455.0,340.0,1455.0,0,1490,1490,4,0.0,0.0,1,0.488599978,386,1997.994967,181.4,1929.637368,497.4,1.0
4.13,15300,8800.0,0,10001111,5,1594.0,1654.0,1593.0,1600.0,1674.5,1674.5,0,2279.0,2224.0,327.0,1983.0,2323.0,11,856.0,505.0,856.0,5,806,646,305,0.0,0.0,5,0.573803395,247,2541.351643,450.3,2025.777345,564.9,1.0
16.7,15300,8800.0,0,10001111,5,1594.0,1654.0,1593.0,1600.0,1674.5,1674.5,0,2279.0,2224.0,327.0,1983.0,2323.0,11,856.0,505.0,856.0,5,806,646,305,0.0,0.0,5,0.568451351,43,2945.96484,294.8,2364.788103,639.6,1.0
45.82,15300,8800.0,0,10001111,5,1594.0,1654.0,1593.0,1600.0,1674.5,1674.5,0,2279.0,2224.0,327.0,1983.0,2323.0,11,856.0,505.0,856.0,5,806,646,305,0.0,0.0,5,0.556052662,346,2420.850104,453.7,2450.138653,390.2,1.0
21.19,13000,10255.0,1,11111000,2,772.0,1000.0,772.0,0.0,4252.0,4251.5,2,2366.0,1481.0,1624.0,3652.0,1914.0,27,1748.0,1373.5,1748.0,0,1748,1748,24,0.0,0.0,1,0.555890747,75,2848.074967,169.7,2566.20147,701.0,1.0
6.93,10300,8280.0,1,10011111,5,938.0,603.0,938.0,48.0,2850.0,3581.0,3,2038.0,1668.0,904.0,3018.0,3579.0,23,708.0,684.0,708.0,2,1546,1512,230,-2.8,-1.0,6,0.513621806,205,2680.928249,213.0,2614.600416,641.7,0.0
-11.64,13000,10255.0,1,11111000,2,772.0,1000.0,772.0,0.0,4252.0,4251.5,2,2366.0,1481.0,1624.0,3652.0,1914.0,27,1748.0,1373.5,1748.0,0,1748,1748,24,0.0,0.0,1,0.569606335,156,2965.636783,156.3,2945.865871,428.1,1.0
89.05,10300,9180.0,1,11011111,6,595.0,380.0,593.0,7.0,5296.0,6395.0,5,1940.0,1733.0,687.0,2628.0,1999.0,33,793.0,857.0,793.0,1,867,234,835,0.0,0.0,1,0.480995633,67,2426.467749,210.1,2079.290404,559.0,1.0
71.44,11800,8490.0,1,11111111,8,1801.0,503.0,1801.0,0.0,5251.0,5251.5,6,1776.0,1517.0,650.0,3025.0,3201.0,26,820.0,475.0,820.0,2,1124,1124,9,0.7,1.0,3,0.534897499,252,2531.114675,151.8,2224.430535,662.0,1.0
27.28,10300,10295.0,1,1111000,1,1665.0,1137.0,1665.0,6.0,2480.0,2480.0,0,2171.0,1615.0,1223.0,3628.0,3805.5,18,818.0,1957.0,818.0,1,829,829,0,0.0,0.0,1,0.505849813,302,2616.979761,237.4,2395.782663,479.6,1.0
44.92,10300,8250.0,1,11011111,8,2579.0,669.0,2578.0,0.0,3582.0,3582.0,3,2026.0,1591.0,977.0,3204.0,3581.0,19,846.0,462.0,846.0,5,1543,1481,276,4.7,2.0,12,0.499112812,369,2526.315152,270.9,2494.963763,565.2,0.0
35.52,10300,9180.0,1,11011111,6,595.0,380.0,593.0,7.0,5296.0,6395.0,5,1940.0,1733.0,687.0,2628.0,1999.0,33,793.0,857.0,793.0,1,867,234,835,0.0,0.0,1,0.501386052,222,2580.918415,223.8,2395.248211,661.3,1.0
53.86,7600,8450.0,0,11000001,3,2481.0,2663.0,2481.0,2657.0,5189.5,5189.5,0,2708.0,2690.0,256.0,2472.0,2472.0,3,651.0,480.0,651.0,3,1161,1050,352,0.7,1.0,7,0.522166364,90,2489.949673,208.8,2536.835745,607.4,1.0
22.48,15400,8335.0,0,10001001,2,2746.0,2418.0,2746.0,2412.0,1674.5,1674.5,0,2678.0,2607.0,432.0,732.0,700.5,4,562.0,1384.0,562.0,2,1556,1556,21,7.1,16.0,7,0.530085303,81,2189.009027,269.0,1269.687988,629.7,1.0
35.46,15400,8335.0,0,10001001,2,2746.0,2418.0,2746.0,2412.0,1674.5,1674.5,0,2678.0,2607.0,432.0,732.0,700.5,4,562.0,1384.0,562.0,2,1556,1556,21,7.1,16.0,7,0.524909284,180,1971.769373,282.0,845.3371297,408.2,1.0
18.04,15400,8335.0,0,10001001,2,2746.0,2418.0,2746.0,2412.0,1674.5,1674.5,0,2678.0,2607.0,432.0,732.0,700.5,4,562.0,1384.0,562.0,2,1556,1556,21,7.1,16.0,7,0.531855836,268,2068.565102,280.1,695.83793,299.4,1.0
-4.78,15100,8445.0,0,10001101,4,1594.0,1654.0,1593.0,1600.0,1674.5,1674.5,0,2279.0,2224.0,327.0,1983.0,2323.0,0,810.0,602.0,810.0,4,821,694,308,0.0,0.0,5,0.49136987,66,2436.730435,222.2,1899.344348,637.9,1.0
48.35,15200,8440.0,0,10000001,2,1262.0,2091.5,1260.5,2046.5,1674.5,1674.5,0,2350.0,2317.0,247.5,2129.0,2323.5,0,852.0,678.0,852.0,2,1311,1233,314,1.2,1.0,5,0.470620779,63,2457.795237,288.6,1992.997284,962.8,1.0
58.35,15000,8445.0,0,10001101,4,1594.0,1654.0,1593.0,1600.0,1674.5,1674.5,0,2279.0,2224.0,327.0,1983.0,2323.0,0,810.0,602.0,810.0,4,821,694,308,0.0,0.0,5,0.468503159,159,2241.876345,227.7,1698.000908,563.6,1.0
40.1,15000,8440.0,0,10000001,2,1262.0,2091.5,1260.5,2046.5,1674.5,1674.5,0,2350.0,2317.0,247.5,2129.0,2323.5,0,852.0,678.0,852.0,2,1311,1233,314,1.2,1.0,5,0.47359954,140,2386.939138,200.7,2288.120062,523.7,1.0
15.32,15000,8445.0,0,10001101,4,1594.0,1654.0,1593.0,1600.0,1674.5,1674.5,0,2279.0,2224.0,327.0,1983.0,2323.0,0,810.0,602.0,810.0,4,821,694,308,0.0,0.0,5,0.484089323,267,2540.766233,230.0,1784.032197,669.1,1.0
6.63,15600,8450.0,0,11000001,3,2481.0,2663.0,2481.0,2657.0,1528.0,1528.0,0,2708.0,2690.0,256.0,2472.0,2472.0,3,651.0,480.0,651.0,3,1161,1050,352,0.7,1.0,7,0.528331752,62,3037.413451,141.2,2887.576283,652.3,1.0
55.0,16600,9465.0,1,11111001,6,1066.0,811.0,1064.0,241.0,1333.0,1333.0,2,2027.0,1845.0,583.0,1450.0,1342.5,20,800.0,351.0,800.0,4,1555,1329,631,12.9,22.0,15,0.527794988,189,3085.054913,231.1,2688.717968,386.9,0.0
50.44,15100,8440.0,0,10000001,2,1262.0,2091.5,1260.5,2046.5,1674.5,1674.5,0,2350.0,2317.0,247.5,2129.0,2323.5,0,852.0,678.0,852.0,2,1311,1233,314,1.2,1.0,5,0.469866159,288,2417.846164,201.5,1946.511574,613.9,1.0
69.27,16600,9465.0,1,11111001,6,1066.0,811.0,1064.0,241.0,1333.0,1333.0,2,2027.0,1845.0,583.0,1450.0,1342.5,20,800.0,351.0,800.0,4,1555,1329,631,12.9,22.0,15,0.520210586,130,2939.106995,246.0,2116.195991,529.5,0.0
14.12,16500,9465.0,1,11111001,6,1066.0,811.0,1064.0,241.0,1333.0,1333.0,2,2027.0,1845.0,583.0,1450.0,1342.5,20,800.0,351.0,800.0,4,1555,1329,631,12.9,22.0,15,0.542580394,272,3243.973159,362.3,2269.934221,700.8,0.0
49.09,10300,10040.0,1,11111101,2,1468.0,955.0,534.0,191.0,3960.0,3960.0,1,2520.0,1888.0,1457.0,4270.0,3668.5,24,697.0,475.0,697.0,1,1433,1433,12,16.7,25.0,3,0.567692327,304,2576.607895,172.0,1669.167595,799.4,1.0
27.6,10300,10025.0,1,11111001,3,1397.0,967.0,159.0,5.0,3350.0,3350.0,2,2257.0,1579.0,1410.0,3755.0,3351.0,20,720.0,475.0,720.0,1,1913,1913,15,-16.7,-25.0,3,0.577057303,420,3564.462932,2145.8,1711.648042,673.1,1.0
19.7,10300,10030.0,1,11111011,2,1419.0,945.0,311.0,69.0,3350.0,3350.0,1,2221.0,1546.0,1405.0,3966.0,3643.5,20,720.0,475.0,720.0,1,1433,1433,12,-16.7,-25.0,3,0.580499989,431,2752.443301,194.1,1687.591143,541.1,1.0
7.44,10000,8160.0,1,10001000,2,616.0,2458.0,610.0,2424.0,1025.0,1025.0,1,1870.0,1864.0,113.0,790.0,1025.0,7,569.0,657.0,569.0,1,1601,1601,44,5.0,5.0,4,0.567118068,126,3344.959992,198.1,2437.362986,440.8,1.0
58.71,7600,10665.0,1,11111000,2,1012.0,1197.0,1011.0,2.0,552.0,552.0,1,2390.0,1734.0,1423.0,2209.0,1136.0,25,866.0,2267.0,866.0,1,2114,889,1595,-27.3,-41.0,6,0.507677464,49,2601.023124,153.4,2403.99092,784.6,0.0
39.6,7800,8420.0,1,11001111,5,2570.0,770.0,2570.0,55.0,5682.0,5682.0,1,2339.0,1842.0,1127.0,3581.0,4874.0,23,304.0,275.0,304.0,4,1401,1147,635,-1.5,-1.0,13,0.51518029,131,2499.870135,149.5,1779.067449,881.3,0.0
65.98,7800,8440.0,1,11001111,4,1426.0,536.0,1426.0,21.0,5346.0,5346.0,3,2206.0,1754.0,972.0,1904.0,767.0,27,650.0,417.0,650.0,1,417,328,258,0.0,0.0,1,0.504823171,171,2521.704779,183.5,1900.088888,727.8,1.0
24.23,15600,8790.0,0,10001001,4,930.0,2529.0,928.0,2493.0,2324.0,2324.0,1,2421.0,2410.0,168.0,2275.0,2324.0,8,872.0,526.0,872.0,3,1182,1065,311,1.2,1.0,5,0.497105243,91,2608.988542,267.1,2300.207811,683.9,0.0
5.61,14400,9320.0,0,11111000,5,736.0,843.0,734.0,214.0,2496.0,2495.5,0,1938.0,1622.0,767.0,2031.0,2437.0,0,736.0,258.0,736.0,5,1570,1317,568,-4.8,14.0,19,0.566336185,119,3301.25279,388.2,2736.395575,562.0,1.0
-10.63,15300,9320.0,0,11111000,5,736.0,831.0,734.0,203.0,1314.5,1314.25,0,1926.5,1580.0,881.5,1144.5,1289.0,0,736.0,258.0,736.0,5,1570,1317,568,-4.8,14.0,19,0.575894236,423,3170.934229,260.6,2693.813374,573.7,1.0
38.08,15600,9485.0,1,11111110,6,1066.0,819.0,1064.0,192.0,133.0,133.0,2,1915.0,1538.0,996.0,258.0,141.0,5,831.0,522.0,831.0,4,1762,1688,286,-19.7,-30.0,13,0.491919087,174,2556.699361,195.6,2494.365764,642.8,1.0
0.865,10100,8160.0,1,10001000,2,616.0,2458.0,610.0,2424.0,1025.0,1025.0,1,1870.0,1864.0,113.0,790.0,1025.0,7,569.0,657.0,569.0,1,1601,1601,44,5.0,5.0,4,0.574595356,328,3560.694259,289.6,2930.985972,523.6,1.0
24.65,15600,8870.0,0,1110,3,2780.0,2486.0,2779.0,2471.0,2480.0,2480.0,0,2629.0,2606.0,276.0,1997.0,2000.0,3,858.0,541.0,858.0,3,1024,870,318,-1.2,-1.0,5,0.496947973,234,2626.137461,881.4,2492.693397,532.6,1.0
13.46,10300,8160.0,1,10001000,2,616.0,2458.0,610.0,2424.0,1025.0,1025.0,1,1870.0,1864.0,113.0,790.0,1025.0,7,569.0,657.0,569.0,1,1601,1601,44,5.0,5.0,4,0.551499067,142,2459.688457,208.3,2144.941593,623.3,1.0
3.55,15300,9115.0,1,11111100,5,1454.0,151.0,1453.0,86.0,6575.0,6572.0,4,1933.0,1800.0,503.0,3077.0,1646.5,22,1040.0,1267.0,1040.0,1,1377,922,776,0.3,0.5,4,0.558487803,75,3424.968388,148.3,3046.566356,527.5,0.0
2.86,10300,7820.0,1,10001111,4,878.0,1220.0,877.0,239.0,2789.0,2788.5,2,2146.0,1948.0,566.0,2795.0,2900.5,20,843.0,510.0,843.0,2,721,142,704,-0.5,-0.5,2,0.523480475,64,3033.434898,246.4,2767.646172,566.1,1.0
-12.69,12700,9250.0,1,11011001,8,915.0,916.0,878.0,861.0,628.0,628.0,3,1910.0,1838.0,418.0,1441.0,743.0,9,283.0,345.0,124.0,5,565,467,230,0.0,0.0,5,0.56427,176,2930.4,142.7,2797.3,746.3,0.0
-6.8,10300,9250.0,1,11011001,8,915.0,916.0,878.0,861.0,628.0,628.0,3,1910.0,1838.0,418.0,1441.0,743.0,9,283.0,345.0,124.0,5,565,467,230,0.0,0.0,5,0.568211579,51,2853.885895,413.0,2973.888742,749.2,0.0
17.82,12900,9250.0,1,11011001,8,915.0,916.0,878.0,861.0,628.0,628.0,3,1910.0,1838.0,418.0,1441.0,743.0,9,283.0,345.0,124.0,5,565,467,230,0.0,0.0,5,0.551652783,266,2840.058261,163.8,2764.23913,985.4,0.0
6.86,15400,9115.0,1,11111100,5,1454.0,151.0,1453.0,86.0,6575.0,6572.0,4,1933.0,1800.0,503.0,3077.0,1646.5,22,1040.0,1267.0,1040.0,1,1377,922,776,0.3,0.5,4,0.557116681,223,3414.087611,220.5,3055.667257,387.7,0.0
2.5,10100,9250.0,1,11011001,8,915.0,916.0,878.0,861.0,628.0,628.0,3,1910.0,1838.0,418.0,1441.0,743.0,9,283.0,345.0,124.0,5,565,467,230,0.0,0.0,5,0.564321968,158,3140.505725,242.6,2877.810012,816.5,0.0
2.13,10200,9250.0,1,11011001,8,915.0,916.0,878.0,861.0,628.0,628.0,3,1910.0,1838.0,418.0,1441.0,743.0,9,283.0,345.0,124.0,5,565,467,230,0.0,0.0,5,0.558141283,339,2873.946195,193.7,2550.788826,861.8,0.0
30.86,10300,9895.0,1,11111000,3,285.0,1238.0,282.0,287.0,3245.0,3244.5,2,2335.0,1665.0,1431.0,2263.0,2599.0,29,871.0,599.5,871.0,1,876,876,9,0.0,0.0,1,0.51261445,296,2937.778684,223.9,2642.348057,748.3,1.0
-0.78,10300,9250.0,1,11011001,8,915.0,916.0,878.0,861.0,628.0,628.0,3,1910.0,1838.0,418.0,1441.0,743.0,9,283.0,345.0,124.0,5,565,467,230,0.0,0.0,5,0.565693788,227,2959.448773,145.2,2590.599346,843.5,0.0
24.22,10300,8160.0,1,10001000,2,616.0,2458.0,610.0,2424.0,1025.0,1025.0,1,1870.0,1864.0,113.0,790.0,1025.0,7,569.0,657.0,569.0,1,1601,1601,44,5.0,5.0,4,0.552479532,42,2838.529611,748.5,2302.328134,698.0,1.0
5.66,15300,8160.0,1,10001000,2,616.0,2458.0,610.0,2424.0,1025.0,1025.0,1,1870.0,1864.0,113.0,790.0,1025.0,7,569.0,678.0,569.0,1,1601,1601,44,5.0,5.0,4,0.557613765,368,3553.95075,205.8,3150.969604,389.4,1.0
2.51,10300,9085.0,0,11110101,7,2794.0,2693.0,2793.0,1172.0,2036.0,2035.75,0,2867.0,2530.0,857.0,2196.0,1065.0,0,624.0,375.0,624.0,7,1593,1331,610,-0.3,-2.0,21,0.526523549,40,3141.537437,235.4,2888.534937,389.9,1.0
20.0,10300,8160.0,1,10001000,2,616.0,2458.0,610.0,2424.0,1025.0,1025.0,1,1870.0,1864.0,113.0,790.0,1025.0,7,569.0,657.0,569.0,1,1601,1601,44,5.0,5.0,4,0.554235728,119,2970.618007,256.7,2431.078199,733.4,1.0
5.16,10300,9085.0,0,11110101,7,2794.0,2693.0,2793.0,1172.0,2496.0,2495.5,0,2867.0,2530.0,857.0,2196.0,1065.0,0,624.0,375.0,624.0,7,1593,1331,610,-0.3,-2.0,21,0.525489448,111,3258.339746,303.3,2699.552713,269.6,1.0
37.6,10300,9085.0,0,11110101,7,2794.0,2693.0,2793.0,1172.0,2496.0,2495.5,0,2867.0,2530.0,857.0,2196.0,1065.0,0,624.0,375.0,624.0,7,1593,1331,610,-0.3,-2.0,21,0.512830484,155,3247.780777,333.0,2846.921185,229.7,1.0
24.61,10300,10245.0,1,11111000,0,1225.0,1245.0,1225.0,82.0,3655.0,3655.0,0,2533.0,1565.0,1784.0,4655.0,4398.0,34,1361.0,1187.5,1361.0,0,1401,1401,14,0.0,0.0,1,0.545678801,43,2527.246172,644.1,2177.977414,778.2,1.0
13.59,10300,10245.0,1,11111000,0,1225.0,1245.0,1225.0,82.0,3655.0,3655.0,0,2533.0,1565.0,1784.0,4655.0,4398.0,34,1361.0,1187.5,1361.0,0,1401,1401,14,0.0,0.0,1,0.550209764,124,2557.76257,150.0,2405.186841,770.4,1.0
10.3,15700,9480.0,1,11011111,5,921.0,1161.0,921.0,138.0,1024.0,1024.0,2,2144.0,1867.0,816.0,916.0,788.0,40,880.0,609.0,880.0,3,1072,912,340,1.2,1.0,5,0.520696448,49,2503.979561,175.2,2432.650212,399.6,1.0
75.63,15700,9480.0,1,11011111,5,921.0,1161.0,921.0,138.0,1024.0,1024.0,2,2144.0,1867.0,816.0,916.0,788.0,40,880.0,609.0,880.0,3,1072,912,340,1.2,1.0,5,0.495240451,59,2302.201062,174.7,2088.177345,374.5,0.0
62.6,15800,9480.0,1,11011111,5,921.0,1161.0,921.0,138.0,1024.0,1024.0,2,2144.0,1867.0,816.0,916.0,788.0,40,880.0,609.0,880.0,3,1072,912,340,1.2,1.0,5,0.50039624,150,2549.867003,173.1,2577.422493,422.2,1.0
9.185,10200,8160.0,1,10001000,2,616.0,2458.0,610.0,2424.0,1025.0,1025.0,1,1870.0,1864.0,113.0,790.0,1025.0,7,569.0,657.0,569.0,1,1601,1601,44,5.0,5.0,4,0.617175215,376,3211.5760445,255.39999999999998,2598.995714,820.5,1.0
5.99,18200,8335.0,0,10001001,2,2746.0,2418.0,2746.0,2412.0,1025.0,1025.0,0,2678.0,2607.0,432.0,732.0,700.5,4,562.0,1384.0,562.0,2,1556,1556,21,7.1,16.0,7,0.541321313,815,3266.242716,164.7,2844.170027,789.4,1.0
5.31,10300,8160.0,1,10001000,2,616.0,2458.0,610.0,2424.0,1025.0,1025.0,1,1870.0,1864.0,113.0,790.0,1025.0,7,569.0,657.0,569.0,1,1601,1601,44,5.0,5.0,4,0.611224011,427,2754.731089,367.6,2863.03309,1295.5,1.0
5.38,18200,8335.0,0,10001001,2,2746.0,2418.0,2746.0,2412.0,1025.0,1025.0,0,2678.0,2607.0,432.0,732.0,700.5,4,562.0,1384.0,562.0,2,1556,1556,21,7.1,16.0,7,0.541566674,988,3375.251928,857.2,2958.170289,716.9,1.0
4.09,10300,8350.0,0,11001000,3,1348.0,1736.0,1348.0,1684.0,4093.0,4092.75,0,2168.0,2142.0,204.0,2248.0,1786.0,9,650.0,629.0,650.0,3,695,519,313,0.7,1.0,3,0.56853128,108,2928.200185,238.2,2381.445271,525.2,1.0
37.96,10300,8350.0,0,11001000,3,1348.0,1736.0,1348.0,1684.0,4093.0,4092.75,0,2168.0,2142.0,204.0,2248.0,1786.0,9,650.0,629.0,650.0,3,695,519,313,0.7,1.0,3,0.554243067,114,2747.262178,217.9,2309.826087,653.4,1.0
75.84,12900,8355.0,1,10011111,4,998.5,645.0,990.0,239.0,955.0,954.5,2,2078.0,1594.0,1127.0,1538.0,1954.0,18,766.0,349.0,766.0,2,1067,1033,137,-1.0,-1.0,4,0.479939912,376,2740.898161,258.6,2287.936791,615.9,1.0
81.43,13000,8270.0,1,11001111,6,934.0,674.0,933.0,0.0,3864.0,4546.5,4,1941.0,1578.0,840.0,3800.0,4386.0,24,834.0,411.0,833.0,2,1470,1435,238,-7.8,1.0,5,0.477837264,467,2667.717992,267.3,2357.296098,589.9,1.0
68.21,7700,10365.0,1,11111000,4,1508.0,722.0,1508.0,31.0,1874.0,1879.0,3,2213.0,1672.0,1191.0,2164.0,2265.0,35,1000.0,296.5,1000.0,1,1000,1000,10,0.0,0.0,1,0.512639804,245,3056.211966,212.0,2032.922355,533.8,1.0
29.18,7700,10300.0,1,11111000,3,2181.0,880.0,1946.5,51.0,2865.0,2863.0,3,1923.0,1378.0,1130.0,3070.0,2862.0,24,1301.0,624.0,1301.0,0,1302,1302,12,0.0,0.0,1,0.530874004,315,2969.985594,230.1,1821.549742,314.5,1.0
80.59,12900,10410.0,0,11000000,1,1348.0,1910.0,1348.0,1690.0,1528.0,1528.0,0,2614.0,2346.0,1131.0,1270.0,1269.5,4,779.0,708.0,779.0,1,798,798,12,0.0,0.0,1,0.478153225,541,2761.233882,1035.5,2149.114144,779.2,1.0
30.42,7700,10355.0,1,11111001,3,2854.0,585.0,2385.0,45.0,2211.0,2211.0,3,2151.0,1572.0,1304.0,2257.0,2037.0,47,1492.0,2571.0,1492.0,0,1492,1492,11,0.0,0.0,1,0.530376286,355,2966.579531,158.1,1818.19282,360.6,1.0
